CH4_AGR,,,,,,,,,,,,,,,,,,
INPUT_TABLE,,,,,,,,,,,,,,,,,,
Variable ID,,,,,,,,,,,,,,,,,,
11001,,,,,,,,,,,,,,,,,,

region,FoodSupplySector,FoodSupplySubsector,FoodProductionTechnology,period,generic-ghg,output-driver,,,,,,,,,,,,
ALL,Rice,Rice,Rice,ALL,CH4_AGR,,,,,,,,,,,,,

INPUT_TABLE,,,,,,,,,,,,,,,,,,
Variable ID,,,,,,,,,,,,,,,,,,
11015,,,,,,,,,,,,,,,,,,
,,,,,uncontrolled-emiss-coef,,,,,,,,,,,,,
FoodSupplySector,FoodSupplySubsector,FoodProductionTechnology,period,generic-ghg,USA,Canada,Western Europe,Japan,Australia_NZ,Former Soviet Union,China,Middle East,Africa,Latin America,Southeast Asia,Eastern Europe,Korea,India
Rice,Rice,Rice,1990,CH4_AGR,1.27626E-08,0,1.83476E-08,4.48512E-09,2.76347E-08,0,1.68321E-08,1.51071E-08,1.96396E-08,1.37741E-08,2.1348E-08,1.69963E-08,1.82991E-08,3.55655E-08

INPUT_TABLE,,,,,,,,,,,,,,,,,,
Variable ID,,,,,,,,,,,,
11081,,,,,,,,,,,,

region,FoodSupplySector,FoodSupplySubsector,FoodProductionTechnology,period,generic-ghg,0,15,30,45,60,,
USA,Rice,Rice,Rice,1990,CH4_AGR,0.064111237,0.09380838,0.171779206,0.214492586,0.214492586,,
Western Europe,Rice,Rice,Rice,1990,CH4_AGR,0.06324945,0.101273997,0.130498517,0.130498517,0.168523064,,not including Canada or FSU as production is 0
Japan,Rice,Rice,Rice,1990,CH4_AGR,0.026449791,0.155246491,0.156661056,0.156661056,0.156661056,,
Australia_NZ,Rice,Rice,Rice,1990,CH4_AGR,0.041050326,0.043062017,0.067752811,0.074818256,0.084271925,,
China,Rice,Rice,Rice,1990,CH4_AGR,0.079988584,0.152620368,0.151129868,0.151129868,0.153007539,,
Middle East,Rice,Rice,Rice,1990,CH4_AGR,0.004755997,0.004755997,0.012139392,0.012748515,0.012809518,,
Africa,Rice,Rice,Rice,1990,CH4_AGR,0.006891685,0.021302959,0.026407214,0.035353828,0.035827966,,
Latin America,Rice,Rice,Rice,1990,CH4_AGR,0.034833293,0.043186308,0.047273393,0.047273393,0.057867689,,
Southeast Asia,Rice,Rice,Rice,1990,CH4_AGR,0.085520609,0.134284926,0.137995881,0.165412958,0.17806978,,
Eastern Europe,Rice,Rice,Rice,1990,CH4_AGR,0.027363103,0.027363103,0.027363103,0.027363103,0.027363103,,
Korea,Rice,Rice,Rice,1990,CH4_AGR,0.070841441,0.088563386,0.192785465,0.202103536,0.202103536,,
India,Rice,Rice,Rice,1990,CH4_AGR,0.007721017,0.093947566,0.091864019,0.091864019,0.091864019,,

N2O_AGR,,,,,,,,,,,,,,,,,,
INPUT_TABLE,,,,,,,,,,,,,,,,,,
Variable ID,,,,,,,,,,,,,,,,,,
11001,,,,,,,,,,,,,,,,,,

region,FoodSupplySector,FoodSupplySubsector,FoodProductionTechnology,period,generic-ghg,output-driver,,,,,,,,,,,,
ALL,Corn,Corn,Corn,ALL,N2O_AGR,,,,,,,,,,,,,
ALL,FiberCrop,FiberCrop,FiberCrop,ALL,N2O_AGR,,,,,,,,,,,,,
ALL,FodderCrop,FodderCrop,FodderCrop,ALL,N2O_AGR,,,,,,,,,,,,,
ALL,MiscCrop,MiscCrop,MiscCrop,ALL,N2O_AGR,,,,,,,,,,,,,
ALL,OilCrop,OilCrop,OilCrop,ALL,N2O_AGR,,,,,,,,,,,,,
ALL,OtherGrain,OtherGrain,OtherGrain,ALL,N2O_AGR,,,,,,,,,,,,,
ALL,Rice,Rice,Rice,ALL,N2O_AGR,,,,,,,,,,,,,
ALL,SugarCrop,SugarCrop,SugarCrop,ALL,N2O_AGR,,,,,,,,,,,,,
ALL,Wheat,Wheat,Wheat,ALL,N2O_AGR,,,,,,,,,,,,,

INPUT_TABLE,,,,,,,,,,,,,,,,,,
Variable ID,,,,,,,,,,,,,,,,,,
11015,,,,,,,,,,,,,,,,,,
,,,,,uncontrolled-emiss-coef,,,,,,,,,,,,,
FoodSupplySector,FoodSupplySubsector,FoodProductionTechnology,period,generic-ghg,USA,Canada,Western Europe,Japan,Australia_NZ,Former Soviet Union,China,Middle East,Africa,Latin America,Southeast Asia,Eastern Europe,Korea,India
Corn,Corn,Corn,1990,N2O_AGR,3.08814E-10,3.39765E-10,2.58665E-10,1.95073E-10,5.99944E-10,1.23867E-10,2.12579E-10,4.21405E-10,2.16512E-10,2.20728E-10,9.66838E-11,1.55931E-10,5.05963E-10,2.43363E-10
FiberCrop,FiberCrop,FiberCrop,1990,N2O_AGR,1.09938E-12,0,9.20847E-13,0,2.1358E-12,4.40967E-13,7.56782E-13,1.5002E-12,7.70783E-13,7.8579E-13,3.44194E-13,5.55115E-13,1.80123E-12,8.66371E-13
FodderCrop,FodderCrop,FodderCrop,1990,N2O_AGR,9.29183E-10,1.61706E-10,4.58974E-10,1.29016E-10,3.42113E-10,2.99512E-10,8.04832E-15,2.73675E-10,1.36376E-10,5.87483E-11,0,2.82767E-10,0,0
MiscCrop,MiscCrop,MiscCrop,1990,N2O_AGR,2.1571E-09,8.18928E-10,1.70644E-09,1.59169E-09,2.10602E-09,6.79247E-10,1.40399E-09,2.85817E-09,6.54941E-10,9.68806E-10,3.29859E-10,9.51262E-10,4.47672E-09,1.04464E-09
OilCrop,OilCrop,OilCrop,1990,N2O_AGR,3.32007E-10,2.69202E-10,2.81609E-10,1.97126E-10,5.65459E-10,1.41904E-10,2.06739E-10,6.1499E-10,2.99099E-10,2.5125E-10,1.95452E-10,1.47416E-10,4.84795E-10,2.58921E-10
OtherGrain,OtherGrain,OtherGrain,1990,N2O_AGR,3.18493E-10,3.53658E-10,2.73165E-10,2.08031E-10,6.26979E-10,1.30334E-10,2.2216E-10,4.50275E-10,2.26033E-10,2.27893E-10,1.01635E-10,1.6408E-10,5.41964E-10,2.5424E-10
Rice,Rice,Rice,1990,N2O_AGR,2.61672E-10,0,1.5003E-10,2.586E-10,6.44712E-10,6.4617E-11,5.07108E-10,9.77581E-10,1.07469E-09,1.40376E-10,3.46519E-10,1.62507E-10,7.8095E-10,3.49653E-10
SugarCrop,SugarCrop,SugarCrop,1990,N2O_AGR,7.82669E-10,1.72795E-09,1.31336E-09,6.50586E-10,1.01705E-09,6.29953E-10,3.8596E-10,1.14004E-09,3.83597E-10,3.75343E-10,1.64035E-10,7.93021E-10,0,4.12558E-10
Wheat,Wheat,Wheat,1990,N2O_AGR,3.29155E-10,3.62145E-10,2.75703E-10,2.07922E-10,6.39461E-10,1.32026E-10,2.26581E-10,4.49162E-10,2.30773E-10,2.35267E-10,1.03052E-10,1.66202E-10,5.3929E-10,2.59393E-10

INPUT_TABLE,,,,,,,,,,
Variable ID,,,,,,,,,,
11081,,,,,,,,,,

region,FoodSupplySector,FoodSupplySubsector,FoodProductionTechnology,period,generic-ghg,0,15,30,45,60
USA,Corn,Corn,Corn,1990,N2O_AGR,0.217001498,0.25893145,0.285048208,0.285048208,0.285048208
Western Europe,Corn,Corn,Corn,1990,N2O_AGR,0.118988208,0.126768432,0.130458183,0.137382796,0.154921464
Japan,Corn,Corn,Corn,1990,N2O_AGR,0.118250744,0.118250744,0.118250744,0.118250744,0.124650736
Australia_NZ,Corn,Corn,Corn,1990,N2O_AGR,0.211773403,0.211773403,0.248835649,0.347139044,0.347139044
Former Soviet Union,Corn,Corn,Corn,1990,N2O_AGR,0.106580761,0.118523971,0.118523971,0.118524756,0.118524756
China,Corn,Corn,Corn,1990,N2O_AGR,0.064086753,0.064086753,0.067439038,0.101024083,0.127078566
Middle East,Corn,Corn,Corn,1990,N2O_AGR,0.05100527,0.052693844,0.073379226,0.078608341,0.087147492
Africa,Corn,Corn,Corn,1990,N2O_AGR,0.110985196,0.127933251,0.139315489,0.144734529,0.145039822
Latin America,Corn,Corn,Corn,1990,N2O_AGR,0.151368694,0.162648893,0.181112993,0.219812645,0.249118764
Southeast Asia,Corn,Corn,Corn,1990,N2O_AGR,0.08140847,0.083343151,0.09596925,0.134629976,0.14428541
Eastern Europe,Corn,Corn,Corn,1990,N2O_AGR,0.145587713,0.188417697,0.209516385,0.21501042,0.240688336
Korea,Corn,Corn,Corn,1990,N2O_AGR,0.138580549,0.16138384,0.16138384,0.16138384,0.165048099,,
India,Corn,Corn,Corn,1990,N2O_AGR,0.061763054,0.113737363,0.114127183,0.12023535,0.123752585,,
USA,FodderCrop,FodderCrop,FodderCrop,1990,N2O_AGR,0.217001498,0.25893145,0.285048208,0.285048208,0.285048208,,not including fibercrop MAC b/c very small number
Western Europe,FodderCrop,FodderCrop,FodderCrop,1990,N2O_AGR,0.118988208,0.126768432,0.130458183,0.137382796,0.154921464,,
Japan,FodderCrop,FodderCrop,FodderCrop,1990,N2O_AGR,0.118250744,0.118250744,0.118250744,0.118250744,0.124650736,,
Australia_NZ,FodderCrop,FodderCrop,FodderCrop,1990,N2O_AGR,0.211773403,0.211773403,0.248835649,0.347139044,0.347139044,,
Former Soviet Union,FodderCrop,FodderCrop,FodderCrop,1990,N2O_AGR,0.106580761,0.118523971,0.118523971,0.118524756,0.118524756,,
China,FodderCrop,FodderCrop,FodderCrop,1990,N2O_AGR,0.064086753,0.064086753,0.067439038,0.101024083,0.127078566,,
Middle East,FodderCrop,FodderCrop,FodderCrop,1990,N2O_AGR,0.05100527,0.052693844,0.073379226,0.078608341,0.087147492,,
Africa,FodderCrop,FodderCrop,FodderCrop,1990,N2O_AGR,0.110985196,0.127933251,0.139315489,0.144734529,0.145039822,,
Latin America,FodderCrop,FodderCrop,FodderCrop,1990,N2O_AGR,0.151368694,0.162648893,0.181112993,0.219812645,0.249118764,,
Southeast Asia,FodderCrop,FodderCrop,FodderCrop,1990,N2O_AGR,0.08140847,0.083343151,0.09596925,0.134629976,0.14428541,,
Eastern Europe,FodderCrop,FodderCrop,FodderCrop,1990,N2O_AGR,0.145587713,0.188417697,0.209516385,0.21501042,0.240688336,,
Korea,FodderCrop,FodderCrop,FodderCrop,1990,N2O_AGR,0.138580549,0.16138384,0.16138384,0.16138384,0.165048099,,
India,FodderCrop,FodderCrop,FodderCrop,1990,N2O_AGR,0.061763054,0.113737363,0.114127183,0.12023535,0.123752585,,
USA,MiscCrop,MiscCrop,MiscCrop,1990,N2O_AGR,0.217001498,0.25893145,0.285048208,0.285048208,0.285048208,,
Western Europe,MiscCrop,MiscCrop,MiscCrop,1990,N2O_AGR,0.118988208,0.126768432,0.130458183,0.137382796,0.154921464
Japan,MiscCrop,MiscCrop,MiscCrop,1990,N2O_AGR,0.118250744,0.118250744,0.118250744,0.118250744,0.124650736
Australia_NZ,MiscCrop,MiscCrop,MiscCrop,1990,N2O_AGR,0.211773403,0.211773403,0.248835649,0.347139044,0.347139044
Former Soviet Union,MiscCrop,MiscCrop,MiscCrop,1990,N2O_AGR,0.106580761,0.118523971,0.118523971,0.118524756,0.118524756
China,MiscCrop,MiscCrop,MiscCrop,1990,N2O_AGR,0.064086753,0.064086753,0.067439038,0.101024083,0.127078566
Middle East,MiscCrop,MiscCrop,MiscCrop,1990,N2O_AGR,0.05100527,0.052693844,0.073379226,0.078608341,0.087147492
Africa,MiscCrop,MiscCrop,MiscCrop,1990,N2O_AGR,0.110985196,0.127933251,0.139315489,0.144734529,0.145039822
Latin America,MiscCrop,MiscCrop,MiscCrop,1990,N2O_AGR,0.151368694,0.162648893,0.181112993,0.219812645,0.249118764
Southeast Asia,MiscCrop,MiscCrop,MiscCrop,1990,N2O_AGR,0.08140847,0.083343151,0.09596925,0.134629976,0.14428541
Eastern Europe,MiscCrop,MiscCrop,MiscCrop,1990,N2O_AGR,0.145587713,0.188417697,0.209516385,0.21501042,0.240688336
Korea,MiscCrop,MiscCrop,MiscCrop,1990,N2O_AGR,0.138580549,0.16138384,0.16138384,0.16138384,0.165048099
India,MiscCrop,MiscCrop,MiscCrop,1990,N2O_AGR,0.061763054,0.113737363,0.114127183,0.12023535,0.123752585
USA,OilCrop,OilCrop,OilCrop,1990,N2O_AGR,0.217001498,0.25893145,0.285048208,0.285048208,0.285048208
Western Europe,OilCrop,OilCrop,OilCrop,1990,N2O_AGR,0.118988208,0.126768432,0.130458183,0.137382796,0.154921464
Japan,OilCrop,OilCrop,OilCrop,1990,N2O_AGR,0.118250744,0.118250744,0.118250744,0.118250744,0.124650736
Australia_NZ,OilCrop,OilCrop,OilCrop,1990,N2O_AGR,0.211773403,0.211773403,0.248835649,0.347139044,0.347139044
Former Soviet Union,OilCrop,OilCrop,OilCrop,1990,N2O_AGR,0.106580761,0.118523971,0.118523971,0.118524756,0.118524756
China,OilCrop,OilCrop,OilCrop,1990,N2O_AGR,0.064086753,0.064086753,0.067439038,0.101024083,0.127078566
Middle East,OilCrop,OilCrop,OilCrop,1990,N2O_AGR,0.05100527,0.052693844,0.073379226,0.078608341,0.087147492
Africa,OilCrop,OilCrop,OilCrop,1990,N2O_AGR,0.110985196,0.127933251,0.139315489,0.144734529,0.145039822
Latin America,OilCrop,OilCrop,OilCrop,1990,N2O_AGR,0.151368694,0.162648893,0.181112993,0.219812645,0.249118764
Southeast Asia,OilCrop,OilCrop,OilCrop,1990,N2O_AGR,0.08140847,0.083343151,0.09596925,0.134629976,0.14428541
Eastern Europe,OilCrop,OilCrop,OilCrop,1990,N2O_AGR,0.145587713,0.188417697,0.209516385,0.21501042,0.240688336
Korea,OilCrop,OilCrop,OilCrop,1990,N2O_AGR,0.138580549,0.16138384,0.16138384,0.16138384,0.165048099
India,OilCrop,OilCrop,OilCrop,1990,N2O_AGR,0.061763054,0.113737363,0.114127183,0.12023535,0.123752585
USA,OtherGrain,OtherGrain,OtherGrain,1990,N2O_AGR,0.217001498,0.25893145,0.285048208,0.285048208,0.285048208
Western Europe,OtherGrain,OtherGrain,OtherGrain,1990,N2O_AGR,0.118988208,0.126768432,0.130458183,0.137382796,0.154921464
Japan,OtherGrain,OtherGrain,OtherGrain,1990,N2O_AGR,0.118250744,0.118250744,0.118250744,0.118250744,0.124650736
Australia_NZ,OtherGrain,OtherGrain,OtherGrain,1990,N2O_AGR,0.211773403,0.211773403,0.248835649,0.347139044,0.347139044
Former Soviet Union,OtherGrain,OtherGrain,OtherGrain,1990,N2O_AGR,0.106580761,0.118523971,0.118523971,0.118524756,0.118524756
China,OtherGrain,OtherGrain,OtherGrain,1990,N2O_AGR,0.064086753,0.064086753,0.067439038,0.101024083,0.127078566
Middle East,OtherGrain,OtherGrain,OtherGrain,1990,N2O_AGR,0.05100527,0.052693844,0.073379226,0.078608341,0.087147492
Africa,OtherGrain,OtherGrain,OtherGrain,1990,N2O_AGR,0.110985196,0.127933251,0.139315489,0.144734529,0.145039822
Latin America,OtherGrain,OtherGrain,OtherGrain,1990,N2O_AGR,0.151368694,0.162648893,0.181112993,0.219812645,0.249118764
Southeast Asia,OtherGrain,OtherGrain,OtherGrain,1990,N2O_AGR,0.08140847,0.083343151,0.09596925,0.134629976,0.14428541
Eastern Europe,OtherGrain,OtherGrain,OtherGrain,1990,N2O_AGR,0.145587713,0.188417697,0.209516385,0.21501042,0.240688336
Korea,OtherGrain,OtherGrain,OtherGrain,1990,N2O_AGR,0.138580549,0.16138384,0.16138384,0.16138384,0.165048099
India,OtherGrain,OtherGrain,OtherGrain,1990,N2O_AGR,0.061763054,0.113737363,0.114127183,0.12023535,0.123752585
USA,Rice,Rice,Rice,1990,N2O_AGR,0.217001498,0.25893145,0.285048208,0.285048208,0.285048208
Western Europe,Rice,Rice,Rice,1990,N2O_AGR,0.118988208,0.126768432,0.130458183,0.137382796,0.154921464
Japan,Rice,Rice,Rice,1990,N2O_AGR,0.118250744,0.118250744,0.118250744,0.118250744,0.124650736
Australia_NZ,Rice,Rice,Rice,1990,N2O_AGR,0.211773403,0.211773403,0.248835649,0.347139044,0.347139044
Former Soviet Union,Rice,Rice,Rice,1990,N2O_AGR,0.106580761,0.118523971,0.118523971,0.118524756,0.118524756
China,Rice,Rice,Rice,1990,N2O_AGR,0.064086753,0.064086753,0.067439038,0.101024083,0.127078566
Middle East,Rice,Rice,Rice,1990,N2O_AGR,0.05100527,0.052693844,0.073379226,0.078608341,0.087147492
Africa,Rice,Rice,Rice,1990,N2O_AGR,0.110985196,0.127933251,0.139315489,0.144734529,0.145039822
Latin America,Rice,Rice,Rice,1990,N2O_AGR,0.151368694,0.162648893,0.181112993,0.219812645,0.249118764
Southeast Asia,Rice,Rice,Rice,1990,N2O_AGR,0.08140847,0.083343151,0.09596925,0.134629976,0.14428541
Eastern Europe,Rice,Rice,Rice,1990,N2O_AGR,0.145587713,0.188417697,0.209516385,0.21501042,0.240688336
Korea,Rice,Rice,Rice,1990,N2O_AGR,0.138580549,0.16138384,0.16138384,0.16138384,0.165048099
India,Rice,Rice,Rice,1990,N2O_AGR,0.061763054,0.113737363,0.114127183,0.12023535,0.123752585
USA,SugarCrop,SugarCrop,SugarCrop,1990,N2O_AGR,0.217001498,0.25893145,0.285048208,0.285048208,0.285048208
Western Europe,SugarCrop,SugarCrop,SugarCrop,1990,N2O_AGR,0.118988208,0.126768432,0.130458183,0.137382796,0.154921464
Japan,SugarCrop,SugarCrop,SugarCrop,1990,N2O_AGR,0.118250744,0.118250744,0.118250744,0.118250744,0.124650736
Australia_NZ,SugarCrop,SugarCrop,SugarCrop,1990,N2O_AGR,0.211773403,0.211773403,0.248835649,0.347139044,0.347139044
Former Soviet Union,SugarCrop,SugarCrop,SugarCrop,1990,N2O_AGR,0.106580761,0.118523971,0.118523971,0.118524756,0.118524756
China,SugarCrop,SugarCrop,SugarCrop,1990,N2O_AGR,0.064086753,0.064086753,0.067439038,0.101024083,0.127078566
Middle East,SugarCrop,SugarCrop,SugarCrop,1990,N2O_AGR,0.05100527,0.052693844,0.073379226,0.078608341,0.087147492
Africa,SugarCrop,SugarCrop,SugarCrop,1990,N2O_AGR,0.110985196,0.127933251,0.139315489,0.144734529,0.145039822
Latin America,SugarCrop,SugarCrop,SugarCrop,1990,N2O_AGR,0.151368694,0.162648893,0.181112993,0.219812645,0.249118764
Southeast Asia,SugarCrop,SugarCrop,SugarCrop,1990,N2O_AGR,0.08140847,0.083343151,0.09596925,0.134629976,0.14428541
Eastern Europe,SugarCrop,SugarCrop,SugarCrop,1990,N2O_AGR,0.145587713,0.188417697,0.209516385,0.21501042,0.240688336
Korea,SugarCrop,SugarCrop,SugarCrop,1990,N2O_AGR,0.138580549,0.16138384,0.16138384,0.16138384,0.165048099
India,SugarCrop,SugarCrop,SugarCrop,1990,N2O_AGR,0.061763054,0.113737363,0.114127183,0.12023535,0.123752585
USA,Wheat,Wheat,Wheat,1990,N2O_AGR,0.217001498,0.25893145,0.285048208,0.285048208,0.285048208,,,,,,,,
Western Europe,Wheat,Wheat,Wheat,1990,N2O_AGR,0.118988208,0.126768432,0.130458183,0.137382796,0.154921464,,,,,,,,
Japan,Wheat,Wheat,Wheat,1990,N2O_AGR,0.118250744,0.118250744,0.118250744,0.118250744,0.124650736,,,,,,,,
Australia_NZ,Wheat,Wheat,Wheat,1990,N2O_AGR,0.211773403,0.211773403,0.248835649,0.347139044,0.347139044,,,,,,,,
Former Soviet Union,Wheat,Wheat,Wheat,1990,N2O_AGR,0.106580761,0.118523971,0.118523971,0.118524756,0.118524756,,,,,,,,
China,Wheat,Wheat,Wheat,1990,N2O_AGR,0.064086753,0.064086753,0.067439038,0.101024083,0.127078566,,,,,,,,
Middle East,Wheat,Wheat,Wheat,1990,N2O_AGR,0.05100527,0.052693844,0.073379226,0.078608341,0.087147492,,,,,,,,
Africa,Wheat,Wheat,Wheat,1990,N2O_AGR,0.110985196,0.127933251,0.139315489,0.144734529,0.145039822,,,,,,,,
Latin America,Wheat,Wheat,Wheat,1990,N2O_AGR,0.151368694,0.162648893,0.181112993,0.219812645,0.249118764,,,,,,,,
Southeast Asia,Wheat,Wheat,Wheat,1990,N2O_AGR,0.08140847,0.083343151,0.09596925,0.134629976,0.14428541,,,,,,,,
Eastern Europe,Wheat,Wheat,Wheat,1990,N2O_AGR,0.145587713,0.188417697,0.209516385,0.21501042,0.240688336,,,,,,,,
Korea,Wheat,Wheat,Wheat,1990,N2O_AGR,0.138580549,0.16138384,0.16138384,0.16138384,0.165048099,,,,,,,,
India,Wheat,Wheat,Wheat,1990,N2O_AGR,0.061763054,0.113737363,0.114127183,0.12023535,0.123752585,,,,,,,,

NOx_AGR,,,,,,,,,,,,,,,,,,
INPUT_TABLE,,,,,,,,,,,,,,,,,,
Variable ID,,,,,,
11001,,,,,,

region,FoodSupplySector,FoodSupplySubsector,FoodProductionTechnology,period,generic-ghg,output-driver
ALL,Corn,Corn,Corn,ALL,NOx_AGR,
ALL,FiberCrop,FiberCrop,FiberCrop,ALL,NOx_AGR,
ALL,FodderCrop,FodderCrop,FodderCrop,ALL,NOx_AGR,
ALL,MiscCrop,MiscCrop,MiscCrop,ALL,NOx_AGR,
ALL,OilCrop,OilCrop,OilCrop,ALL,NOx_AGR,
ALL,OtherGrain,OtherGrain,OtherGrain,ALL,NOx_AGR,
ALL,Rice,Rice,Rice,ALL,NOx_AGR,
ALL,SugarCrop,SugarCrop,SugarCrop,ALL,NOx_AGR,
ALL,Wheat,Wheat,Wheat,ALL,NOx_AGR,

INPUT_TABLE,,,,,,
Variable ID,,,,,,
11015,,,,,,,,,,,,,,,,,,
,,,,,uncontrolled-emiss-coef,,,,,,,,,,,,,
FoodSupplySector,FoodSupplySubsector,FoodProductionTechnology,period,generic-ghg,USA,Canada,Western Europe,Japan,Australia_NZ,Former Soviet Union,China,Middle East,Africa,Latin America,Southeast Asia,Eastern Europe,Korea,India
Corn,Corn,Corn,1990,NOx_AGR,1.4119E-10,1.69683E-10,1.42827E-10,9.57638E-11,9.66289E-11,5.51771E-11,9.88398E-11,9.43469E-11,3.0017E-11,4.13707E-11,2.57674E-11,9.97388E-11,1.44021E-10,1.15291E-10
FiberCrop,FiberCrop,FiberCrop,1990,NOx_AGR,5.02637E-13,0,5.08464E-13,0,3.43999E-13,1.9643E-13,3.5187E-13,3.35875E-13,1.06861E-13,1.4728E-13,9.17318E-14,3.5507E-13,5.12716E-13,4.10437E-13
FodderCrop,FodderCrop,FodderCrop,1990,NOx_AGR,0,0,2.05381E-10,5.19166E-11,4.38946E-11,9.22224E-11,0,4.00434E-12,5.62178E-12,1.21744E-12,0,9.96764E-11,0,0
MiscCrop,MiscCrop,MiscCrop,1990,NOx_AGR,9.8623E-10,4.08983E-10,9.42247E-10,7.81379E-10,3.39202E-10,3.02573E-10,6.52792E-10,6.39906E-10,9.08004E-11,1.81582E-10,8.79113E-11,6.08459E-10,1.27429E-09,4.94892E-10
OilCrop,OilCrop,OilCrop,1990,NOx_AGR,1.51794E-10,1.34443E-10,1.55496E-10,9.67713E-11,9.10747E-11,6.32114E-11,9.61245E-11,1.37688E-10,4.14668E-11,4.70915E-11,5.20902E-11,9.42925E-11,1.37996E-10,1.22662E-10
OtherGrain,OtherGrain,OtherGrain,1990,NOx_AGR,1.45615E-10,1.76621E-10,1.50833E-10,1.02125E-10,1.00983E-10,5.80578E-11,1.03295E-10,1.00811E-10,3.13369E-11,4.27137E-11,2.7087E-11,1.04951E-10,1.54269E-10,1.20444E-10
Rice,Rice,Rice,1990,NOx_AGR,8.496E-11,0,3.24735E-11,1.31953E-10,9.95284E-11,0,2.81748E-10,2.43171E-10,1.93841E-10,1.06853E-11,1.74339E-10,9.07221E-11,2.34109E-10,1.80422E-10
SugarCrop,SugarCrop,SugarCrop,1990,NOx_AGR,3.57837E-10,8.62958E-10,7.25198E-10,3.1938E-10,1.63809E-10,2.80615E-10,1.79454E-10,2.55241E-10,5.31814E-11,7.03501E-11,4.37172E-11,5.07243E-10,0,1.95446E-10
Wheat,Wheat,Wheat,1990,NOx_AGR,1.5049E-10,1.80859E-10,1.52235E-10,1.02072E-10,1.02994E-10,5.88115E-11,1.0535E-10,1.00561E-10,3.19942E-11,4.40957E-11,2.74646E-11,1.06308E-10,1.53508E-10,1.22885E-10

NMVOC_AGR,,,,,,,,,,,,,,,,,,
INPUT_TABLE,,,,,,,,,,,,,,,,,,
Variable ID,,,,,,,,,,,,,,,,,,
11001,,,,,,

region,FoodSupplySector,FoodSupplySubsector,FoodProductionTechnology,period,generic-ghg,output-driver
ALL,Corn,Corn,Corn,ALL,NMVOC_AGR,
ALL,FiberCrop,FiberCrop,FiberCrop,ALL,NMVOC_AGR,
ALL,FodderCrop,FodderCrop,FodderCrop,ALL,NMVOC_AGR,
ALL,MiscCrop,MiscCrop,MiscCrop,ALL,NMVOC_AGR,
ALL,OilCrop,OilCrop,OilCrop,ALL,NMVOC_AGR,
ALL,OtherGrain,OtherGrain,OtherGrain,ALL,NMVOC_AGR,
ALL,Rice,Rice,Rice,ALL,NMVOC_AGR,
ALL,SugarCrop,SugarCrop,SugarCrop,ALL,NMVOC_AGR,
ALL,Wheat,Wheat,Wheat,ALL,NMVOC_AGR,

INPUT_TABLE,,,,,,
Variable ID,,,,,,
11015,,,,,,
,,,,,uncontrolled-emiss-coef,,,,,,,,,,,,,
FoodSupplySector,FoodSupplySubsector,FoodProductionTechnology,period,generic-ghg,USA,Canada,Western Europe,Japan,Australia_NZ,Former Soviet Union,China,Middle East,Africa,Latin America,Southeast Asia,Eastern Europe,Korea,India
Corn,Corn,Corn,1990,NMVOC_AGR,2.94705E-13,1.71957E-09,1.01039E-10,0,0,2.78564E-14,0,0,0,0,0,0,0,0
FiberCrop,FiberCrop,FiberCrop,1990,NMVOC_AGR,1.04915E-15,0,3.59697E-13,0,0,9.91688E-17,0,0,0,0,0,0,0,0
FodderCrop,FodderCrop,FodderCrop,1990,NMVOC_AGR,2.41786E-12,2.06249E-09,2.45928E-10,0,0,9.72495E-14,0,0,0,0,0,0,0,0
MiscCrop,MiscCrop,MiscCrop,1990,NMVOC_AGR,2.05855E-12,4.14465E-09,6.66565E-10,0,0,1.52756E-13,0,0,0,0,0,0,0,0
OilCrop,OilCrop,OilCrop,1990,NMVOC_AGR,3.16838E-13,1.36245E-09,1.10001E-10,0,0,3.19126E-14,0,0,0,0,0,0,0,0
OtherGrain,OtherGrain,OtherGrain,1990,NMVOC_AGR,3.03941E-13,1.78989E-09,1.06703E-10,0,0,2.93107E-14,0,0,0,0,0,0,0,0
Rice,Rice,Rice,1990,NMVOC_AGR,3.74696E-13,0,1.28463E-10,0,0,3.54174E-14,0,0,0,0,0,0,0,0
SugarCrop,SugarCrop,SugarCrop,1990,NMVOC_AGR,7.46909E-13,8.74526E-09,5.13019E-10,0,0,1.4167E-13,0,0,0,0,0,0,0,0
Wheat,Wheat,Wheat,1990,NMVOC_AGR,3.14117E-13,1.83284E-09,1.07694E-10,0,0,2.96912E-14,0,0,0,0,0,0,0,0

NH3_AGR,,,,,,,,,,,,,,,,,,
INPUT_TABLE,,,,,,,,,,,,,,,,,,
Variable ID,,,,,,,,,,,,,,,,,,
11001,,,,,,,,,,,,,,,,,,

region,FoodSupplySector,FoodSupplySubsector,FoodProductionTechnology,period,generic-ghg,output-driver
ALL,Corn,Corn,Corn,ALL,NH3_AGR,
ALL,FiberCrop,FiberCrop,FiberCrop,ALL,NH3_AGR,
ALL,FodderCrop,FodderCrop,FodderCrop,ALL,NH3_AGR,
ALL,MiscCrop,MiscCrop,MiscCrop,ALL,NH3_AGR,
ALL,OilCrop,OilCrop,OilCrop,ALL,NH3_AGR,
ALL,OtherGrain,OtherGrain,OtherGrain,ALL,NH3_AGR,
ALL,Rice,Rice,Rice,ALL,NH3_AGR,
ALL,SugarCrop,SugarCrop,SugarCrop,ALL,NH3_AGR,
ALL,Wheat,Wheat,Wheat,ALL,NH3_AGR,

INPUT_TABLE,,,,,,
Variable ID,,,,,,
11015,,,,,,
,,,,,uncontrolled-emiss-coef,
FoodSupplySector,FoodSupplySubsector,FoodProductionTechnology,period,generic-ghg,USA,Canada,Western Europe,Japan,Australia_NZ,Former Soviet Union,China,Middle East,Africa,Latin America,Southeast Asia,Eastern Europe,Korea,India
Corn,Corn,Corn,1990,NH3_AGR,5.72137E-10,9.49672E-10,7.50474E-10,8.61977E-10,1.06168E-09,4.16596E-10,9.97942E-10,1.06051E-09,6.32357E-10,5.47055E-10,3.41266E-10,5.93776E-10,1.27114E-09,1.19637E-09
FiberCrop,FiberCrop,FiberCrop,1990,NH3_AGR,2.03681E-12,0,2.67169E-12,0,3.77958E-12,1.48308E-12,3.55267E-12,3.77542E-12,2.25119E-12,1.94752E-12,1.21491E-12,2.11384E-12,4.52526E-12,4.25909E-12
FodderCrop,FodderCrop,FodderCrop,1990,NH3_AGR,3.09059E-09,2.88041E-09,2.43118E-09,3.29958E-10,1.24184E-09,1.47904E-09,3.36604E-11,6.37313E-10,3.1341E-10,1.58288E-10,7.82438E-11,2.56586E-09,9.87956E-11,1.49131E-11
MiscCrop,MiscCrop,MiscCrop,1990,NH3_AGR,3.99644E-09,2.28897E-09,4.95097E-09,7.03325E-09,3.72688E-09,2.28448E-09,6.59096E-09,7.1929E-09,1.91286E-09,2.40111E-09,1.16431E-09,3.62235E-09,1.1247E-08,5.13548E-09
OilCrop,OilCrop,OilCrop,1990,NH3_AGR,6.15106E-10,7.52442E-10,8.17042E-10,8.71046E-10,1.00066E-09,4.77257E-10,9.70527E-10,1.54769E-09,8.73565E-10,6.22702E-10,6.89888E-10,5.61353E-10,1.21796E-09,1.27286E-09
OtherGrain,OtherGrain,OtherGrain,1990,NH3_AGR,5.90069E-10,9.88505E-10,7.92544E-10,9.19234E-10,1.10952E-09,4.38346E-10,1.04292E-09,1.13317E-09,6.60164E-10,5.64814E-10,3.58744E-10,6.24805E-10,1.36159E-09,1.24985E-09
Rice,Rice,Rice,1990,NH3_AGR,3.97751E-10,0,3.68402E-10,1.71209E-09,1.01979E-09,1.17905E-11,2.79732E-09,2.39749E-09,3.7131E-09,1.12429E-10,2.13198E-09,4.99932E-10,2.05708E-09,1.99547E-09
SugarCrop,SugarCrop,SugarCrop,1990,NH3_AGR,1.45004E-09,4.82976E-09,3.8105E-09,2.87477E-09,1.7998E-09,2.11869E-09,1.81187E-09,2.86905E-09,1.12035E-09,9.30257E-10,5.78996E-10,3.01978E-09,0,2.02814E-09
Wheat,Wheat,Wheat,1990,NH3_AGR,6.09823E-10,1.01223E-09,7.99907E-10,9.18754E-10,1.13161E-09,4.44036E-10,1.06367E-09,1.13037E-09,6.7401E-10,5.83089E-10,3.63745E-10,6.32887E-10,1.35487E-09,1.27518E-09

CH4_AWB,,,,,,,,,,,,,,,,,,
INPUT_TABLE,,,,,,,,,,,,,,,,,,
Variable ID,,,,,,,,,,,,,,,,,,
11001,,,,,,,,,,,,,,,,,,

region,FoodSupplySector,FoodSupplySubsector,FoodProductionTechnology,period,generic-ghg,output-driver,,,,,,,,,,,,
ALL,Corn,Corn,Corn,ALL,CH4_AWB,,,,,,,,,,,,,
ALL,FiberCrop,FiberCrop,FiberCrop,ALL,CH4_AWB,,,,,,,,,,,,,
ALL,FodderCrop,FodderCrop,FodderCrop,ALL,CH4_AWB,,,,,,,,,,,,,
ALL,MiscCrop,MiscCrop,MiscCrop,ALL,CH4_AWB,,,,,,,,,,,,,
ALL,OilCrop,OilCrop,OilCrop,ALL,CH4_AWB,,,,,,,,,,,,,
ALL,OtherGrain,OtherGrain,OtherGrain,ALL,CH4_AWB,,,,,,,,,,,,,
ALL,Rice,Rice,Rice,ALL,CH4_AWB,,,,,,,,,,,,,
ALL,SugarCrop,SugarCrop,SugarCrop,ALL,CH4_AWB,,,,,,,,,,,,,
ALL,Wheat,Wheat,Wheat,ALL,CH4_AWB,,,,,,,,,,,,,

INPUT_TABLE,,,,,,,,,,,,,,,,,,
Variable ID,,,,,,,,,,,,,,,,,,
11015,,,,,,,,,,,,,,,,,,
,,,,,uncontrolled-emiss-coef,,,,,,,,,,,,,
FoodSupplySector,FoodSupplySubsector,FoodProductionTechnology,period,generic-ghg,USA,Canada,Western Europe,Japan,Australia_NZ,Former Soviet Union,China,Middle East,Africa,Latin America,Southeast Asia,Eastern Europe,Korea,India
Corn,Corn,Corn,1990,CH4_AWB,2.83624E-11,5.08899E-11,3.84066E-11,9.17173E-11,6.79323E-11,2.96745E-11,2.01865E-10,1.07366E-10,5.10804E-11,3.57232E-11,4.61175E-11,1.77681E-11,3.87163E-10,1.25979E-11
FiberCrop,FiberCrop,FiberCrop,1990,CH4_AWB,2.04296E-13,0,2.76645E-13,0,4.89321E-13,2.13748E-13,1.45404E-12,7.73361E-13,3.67935E-13,2.57316E-13,3.32188E-13,1.27985E-13,2.78876E-12,9.07433E-14
FodderCrop,FodderCrop,FodderCrop,1990,CH4_AWB,1.41246E-10,3.70503E-11,5.67433E-11,4.37114E-11,4.46114E-11,6.28832E-11,1.57524E-14,2.03319E-10,5.34418E-11,1.4408E-11,0,3.47407E-11,0,0
MiscCrop,MiscCrop,MiscCrop,1990,CH4_AWB,1.4642E-10,1.04041E-10,1.97461E-10,5.08041E-10,2.118E-10,1.43157E-10,9.84307E-10,5.19176E-10,1.6074E-10,1.53077E-10,1.66548E-10,8.00646E-11,2.2437E-09,4.51159E-11
OilCrop,OilCrop,OilCrop,1990,CH4_AWB,3.21487E-11,7.14065E-11,5.592E-11,1.06772E-10,8.16159E-11,4.60108E-11,2.72736E-10,1.5763E-10,9.71207E-11,4.39808E-11,9.43178E-11,2.83236E-11,4.63944E-10,1.81421E-11
OtherGrain,OtherGrain,OtherGrain,1990,CH4_AWB,3.40279E-11,6.4442E-11,4.98504E-11,1.19212E-10,8.43116E-11,3.99235E-11,2.64114E-10,1.37847E-10,6.51656E-11,4.25003E-11,5.96624E-11,2.48514E-11,5.01826E-10,1.59672E-11
Rice,Rice,Rice,1990,CH4_AWB,4.35167E-11,0,5.89275E-11,1.40723E-10,1.04229E-10,4.55299E-11,3.09723E-10,1.64732E-10,7.8373E-11,5.48104E-11,7.07585E-11,2.72618E-11,5.94028E-10,1.9329E-11
SugarCrop,SugarCrop,SugarCrop,1990,CH4_AWB,5.43091E-11,1.72826E-10,1.30298E-10,2.24994E-10,9.09011E-11,1.00777E-10,2.8589E-10,2.11801E-10,7.12061E-11,4.79345E-11,6.17513E-11,6.03417E-11,0,1.68574E-11
Wheat,Wheat,Wheat,1990,CH4_AWB,4.56467E-11,8.19026E-11,6.18118E-11,1.47611E-10,1.09331E-10,4.77584E-11,3.24883E-10,1.72795E-10,8.22091E-11,5.74932E-11,7.42219E-11,2.85961E-11,6.23103E-10,2.02751E-11

INPUT_TABLE,,,,,,,,,,,,,,,,,,
Variable ID,,,,,,,,,,,,,,,,,,
11030,,,,,,,,,,,,,,,,,,
,,,,,gdp-mid-control,,,,,,,,,,,,,
FoodSupplySector,FoodSupplySubsector,FoodProductionTechnology,period,generic-ghg,USA,Canada,Western Europe,Japan,Australia_NZ,Former Soviet Union,China,Middle East,Africa,Latin America,Southeast Asia,Eastern Europe,Korea,India
Corn,Corn,Corn,1990,CH4_AWB,20,10,10,10,15,10,10,10,10,10,10,10,10,10
FiberCrop,FiberCrop,FiberCrop,1990,CH4_AWB,20,10,10,10,15,10,10,10,10,10,10,10,10,10
FodderCrop,FodderCrop,FodderCrop,1990,CH4_AWB,20,10,10,10,15,10,10,10,10,10,10,10,10,10
MiscCrop,MiscCrop,MiscCrop,1990,CH4_AWB,20,10,10,10,15,10,10,10,10,10,10,10,10,10
OilCrop,OilCrop,OilCrop,1990,CH4_AWB,20,10,10,10,15,10,10,10,10,10,10,10,10,10
OtherGrain,OtherGrain,OtherGrain,1990,CH4_AWB,20,10,10,10,15,10,10,10,10,10,10,10,10,10
Rice,Rice,Rice,1990,CH4_AWB,20,10,10,10,15,10,10,10,10,10,10,10,10,10
SugarCrop,SugarCrop,SugarCrop,1990,CH4_AWB,20,10,10,10,15,10,10,10,10,10,10,10,10,10
Wheat,Wheat,Wheat,1990,CH4_AWB,20,10,10,10,15,10,10,10,10,10,10,10,10,10

INPUT_TABLE,,,,,,,,,,,,,,,,,,
Variable ID,,,,,,,,,,,,,,,,,,
11040,,,,,,,,,,,,,,,,,,
,,,,,gdp-control-range,,,,,,,,,,,,,
FoodSupplySector,FoodSupplySubsector,FoodProductionTechnology,period,generic-ghg,USA,Canada,Western Europe,Japan,Australia_NZ,Former Soviet Union,China,Middle East,Africa,Latin America,Southeast Asia,Eastern Europe,Korea,India
Corn,Corn,Corn,1990,CH4_AWB,15,7.5,7.5,7.5,11.25,7.5,7.5,7.5,7.5,7.5,7.5,7.5,7.5,7.5
FiberCrop,FiberCrop,FiberCrop,1990,CH4_AWB,15,7.5,7.5,7.5,11.25,7.5,7.5,7.5,7.5,7.5,7.5,7.5,7.5,7.5
FodderCrop,FodderCrop,FodderCrop,1990,CH4_AWB,15,7.5,7.5,7.5,11.25,7.5,7.5,7.5,7.5,7.5,7.5,7.5,7.5,7.5
MiscCrop,MiscCrop,MiscCrop,1990,CH4_AWB,15,7.5,7.5,7.5,11.25,7.5,7.5,7.5,7.5,7.5,7.5,7.5,7.5,7.5
OilCrop,OilCrop,OilCrop,1990,CH4_AWB,15,7.5,7.5,7.5,11.25,7.5,7.5,7.5,7.5,7.5,7.5,7.5,7.5,7.5
OtherGrain,OtherGrain,OtherGrain,1990,CH4_AWB,15,7.5,7.5,7.5,11.25,7.5,7.5,7.5,7.5,7.5,7.5,7.5,7.5,7.5
Rice,Rice,Rice,1990,CH4_AWB,15,7.5,7.5,7.5,11.25,7.5,7.5,7.5,7.5,7.5,7.5,7.5,7.5,7.5
SugarCrop,SugarCrop,SugarCrop,1990,CH4_AWB,15,7.5,7.5,7.5,11.25,7.5,7.5,7.5,7.5,7.5,7.5,7.5,7.5,7.5
Wheat,Wheat,Wheat,1990,CH4_AWB,15,7.5,7.5,7.5,11.25,7.5,7.5,7.5,7.5,7.5,7.5,7.5,7.5,7.5

INPUT_TABLE,,,,,,,,,,,,,,,,,,
Variable ID,,,,,,,,,,,,,,,,,,
11050,,,,,,,,,,,,,,,,,,
,,,,,final-emiss-coef,,,,,,,,,,,,,
FoodSupplySector,FoodSupplySubsector,FoodProductionTechnology,period,generic-ghg,USA,Canada,Western Europe,Japan,Australia_NZ,Former Soviet Union,China,Middle East,Africa,Latin America,Southeast Asia,Eastern Europe,Korea,India
Corn,Corn,Corn,1990,CH4_AWB,1.1345E-11,2.0356E-11,1.53626E-11,3.66869E-11,2.71729E-11,1.18698E-11,8.07459E-11,4.29462E-11,2.04321E-11,1.42893E-11,1.8447E-11,7.10724E-12,1.54865E-10,5.03915E-12
FiberCrop,FiberCrop,FiberCrop,1990,CH4_AWB,8.17186E-14,-1,1.10658E-13,-1,1.95728E-13,8.54991E-14,5.81618E-13,3.09344E-13,1.47174E-13,1.02927E-13,1.32875E-13,5.11939E-14,1.1155E-12,3.62973E-14
FodderCrop,FodderCrop,FodderCrop,1990,CH4_AWB,5.64983E-11,1.48201E-11,2.26973E-11,1.74846E-11,1.78446E-11,2.51533E-11,6.30095E-15,8.13276E-11,2.13767E-11,5.76321E-12,-1,1.38963E-11,-1,-1
MiscCrop,MiscCrop,MiscCrop,1990,CH4_AWB,5.85681E-11,4.16165E-11,7.89843E-11,2.03216E-10,8.47201E-11,5.72628E-11,3.93723E-10,2.0767E-10,6.4296E-11,6.12309E-11,6.66194E-11,3.20258E-11,8.97481E-10,1.80464E-11
OilCrop,OilCrop,OilCrop,1990,CH4_AWB,1.28595E-11,2.85626E-11,2.2368E-11,4.27089E-11,3.26464E-11,1.84043E-11,1.09094E-10,6.30519E-11,3.88483E-11,1.75923E-11,3.77271E-11,1.13294E-11,1.85578E-10,7.25683E-12
OtherGrain,OtherGrain,OtherGrain,1990,CH4_AWB,1.36112E-11,2.57768E-11,1.99402E-11,4.76847E-11,3.37247E-11,1.59694E-11,1.05645E-10,5.51387E-11,2.60663E-11,1.70001E-11,2.38649E-11,9.94054E-12,2.00731E-10,6.38687E-12
Rice,Rice,Rice,1990,CH4_AWB,1.74067E-11,-1,2.3571E-11,5.62891E-11,4.16916E-11,1.8212E-11,1.23889E-10,6.58927E-11,3.13492E-11,2.19242E-11,2.83034E-11,1.09047E-11,2.37611E-10,7.73161E-12
SugarCrop,SugarCrop,SugarCrop,1990,CH4_AWB,2.17236E-11,6.91303E-11,5.21193E-11,8.99975E-11,3.63604E-11,4.03107E-11,1.14356E-10,8.47205E-11,2.84824E-11,1.91738E-11,2.47005E-11,2.41367E-11,-1,6.74295E-12
Wheat,Wheat,Wheat,1990,CH4_AWB,1.82587E-11,3.2761E-11,2.47247E-11,5.90442E-11,4.37323E-11,1.91034E-11,1.29953E-10,6.9118E-11,3.28837E-11,2.29973E-11,2.96888E-11,1.14385E-11,2.49241E-10,8.11005E-12

N2O_AWB,,,,,,,,,,,,,,,,,,
INPUT_TABLE,,,,,,,,,,,,,,,,,,
Variable ID,,,,,,,,,,,,,,,,,,
11001,,,,,,,,,,,,,,,,,,

region,FoodSupplySector,FoodSupplySubsector,FoodProductionTechnology,period,generic-ghg,output-driver,,,,,,,,,,,,
ALL,Corn,Corn,Corn,ALL,N2O_AWB,,,,,,,,,,,,,
ALL,FiberCrop,FiberCrop,FiberCrop,ALL,N2O_AWB,,,,,,,,,,,,,
ALL,FodderCrop,FodderCrop,FodderCrop,ALL,N2O_AWB,,,,,,,,,,,,,
ALL,MiscCrop,MiscCrop,MiscCrop,ALL,N2O_AWB,,,,,,,,,,,,,
ALL,OilCrop,OilCrop,OilCrop,ALL,N2O_AWB,,,,,,,,,,,,,
ALL,OtherGrain,OtherGrain,OtherGrain,ALL,N2O_AWB,,,,,,,,,,,,,
ALL,Rice,Rice,Rice,ALL,N2O_AWB,,,,,,,,,,,,,
ALL,SugarCrop,SugarCrop,SugarCrop,ALL,N2O_AWB,,,,,,,,,,,,,
ALL,Wheat,Wheat,Wheat,ALL,N2O_AWB,,,,,,,,,,,,,

INPUT_TABLE,,,,,,,,,,,,,,,,,,
Variable ID,,,,,,,,,,,,,,,,,,
11015,,,,,,,,,,,,,,,,,,
,,,,,uncontrolled-emiss-coef,,,,,,,,,,,,,
FoodSupplySector,FoodSupplySubsector,FoodProductionTechnology,period,generic-ghg,USA,Canada,Western Europe,Japan,Australia_NZ,Former Soviet Union,China,Middle East,Africa,Latin America,Southeast Asia,Eastern Europe,Korea,India
Corn,Corn,Corn,1990,N2O_AWB,9.54392E-13,1.25326E-12,2.07776E-12,2.07264E-12,3.34544E-12,1.33937E-12,0,2.64408E-12,1.25795E-12,1.10204E-12,1.13573E-12,2.00604E-12,9.53461E-12,3.10246E-13
FiberCrop,FiberCrop,FiberCrop,1990,N2O_AWB,6.87455E-15,0,1.49662E-14,0,2.40975E-14,9.64757E-15,0,1.90455E-14,9.06109E-15,7.93806E-15,8.18074E-15,1.44496E-14,6.86785E-14,2.23472E-15
FodderCrop,FodderCrop,FodderCrop,1990,N2O_AWB,4.7529E-12,9.12433E-13,3.06976E-12,9.87795E-13,2.19697E-12,2.83825E-12,0,5.00711E-12,1.3161E-12,4.44479E-13,0,3.92227E-12,0,0
MiscCrop,MiscCrop,MiscCrop,1990,N2O_AWB,4.92702E-12,2.56221E-12,1.06824E-11,1.14808E-11,1.04305E-11,6.46144E-12,0,1.27857E-11,3.95852E-12,4.72234E-12,4.10156E-12,9.03939E-12,5.52553E-11,1.11106E-12
OilCrop,OilCrop,OilCrop,1990,N2O_AWB,1.0818E-12,1.75852E-12,3.02522E-12,2.41285E-12,4.01932E-12,2.07671E-12,0,3.88193E-12,2.39178E-12,1.35678E-12,2.32275E-12,3.19777E-12,1.14255E-11,4.46783E-13
OtherGrain,OtherGrain,OtherGrain,1990,N2O_AWB,1.14504E-12,1.58701E-12,2.69686E-12,2.69396E-12,4.15207E-12,1.80196E-12,0,3.39473E-12,1.60483E-12,1.31111E-12,1.4693E-12,2.80575E-12,1.23584E-11,3.93222E-13
Rice,Rice,Rice,1990,N2O_AWB,1.46433E-12,0,3.18792E-12,3.18007E-12,5.13294E-12,2.05501E-12,0,4.05683E-12,1.93008E-12,1.69087E-12,1.74256E-12,3.07789E-12,1.4629E-11,4.76013E-13
SugarCrop,SugarCrop,SugarCrop,1990,N2O_AWB,1.82749E-12,4.25615E-12,7.04901E-12,5.08443E-12,4.47659E-12,4.54859E-12,0,5.216E-12,1.75358E-12,1.47875E-12,1.52074E-12,6.81266E-12,0,4.15145E-13
Wheat,Wheat,Wheat,1990,N2O_AWB,1.53601E-12,2.017E-12,3.34396E-12,3.33572E-12,5.38419E-12,2.15559E-12,0,4.2554E-12,2.02455E-12,1.77363E-12,1.82785E-12,3.22854E-12,1.53451E-11,4.99313E-13

INPUT_TABLE,,,,,,,,,,,,,,,,,,
Variable ID,,,,,,,,,,,,,,,,,,
11030,,,,,,,,,,,,,,,,,,
,,,,,gdp-mid-control,,,,,,,,,,,,,
FoodSupplySector,FoodSupplySubsector,FoodProductionTechnology,period,generic-ghg,USA,Canada,Western Europe,Japan,Australia_NZ,Former Soviet Union,China,Middle East,Africa,Latin America,Southeast Asia,Eastern Europe,Korea,India
Corn,Corn,Corn,1990,N2O_AWB,20,10,10,10,15,10,10,10,10,10,10,10,10,10
FiberCrop,FiberCrop,FiberCrop,1990,N2O_AWB,20,10,10,10,15,10,10,10,10,10,10,10,10,10
FodderCrop,FodderCrop,FodderCrop,1990,N2O_AWB,20,10,10,10,15,10,10,10,10,10,10,10,10,10
MiscCrop,MiscCrop,MiscCrop,1990,N2O_AWB,20,10,10,10,15,10,10,10,10,10,10,10,10,10
OilCrop,OilCrop,OilCrop,1990,N2O_AWB,20,10,10,10,15,10,10,10,10,10,10,10,10,10
OtherGrain,OtherGrain,OtherGrain,1990,N2O_AWB,20,10,10,10,15,10,10,10,10,10,10,10,10,10
Rice,Rice,Rice,1990,N2O_AWB,20,10,10,10,15,10,10,10,10,10,10,10,10,10
SugarCrop,SugarCrop,SugarCrop,1990,N2O_AWB,20,10,10,10,15,10,10,10,10,10,10,10,10,10
Wheat,Wheat,Wheat,1990,N2O_AWB,20,10,10,10,15,10,10,10,10,10,10,10,10,10

INPUT_TABLE,,,,,,,,,,,,,,,,,,
Variable ID,,,,,,,,,,,,,,,,,,
11040,,,,,,,,,,,,,,,,,,
,,,,,gdp-control-range,,,,,,,,,,,,,
FoodSupplySector,FoodSupplySubsector,FoodProductionTechnology,period,generic-ghg,USA,Canada,Western Europe,Japan,Australia_NZ,Former Soviet Union,China,Middle East,Africa,Latin America,Southeast Asia,Eastern Europe,Korea,India
Corn,Corn,Corn,1990,N2O_AWB,15,7.5,7.5,7.5,11.25,7.5,7.5,7.5,7.5,7.5,7.5,7.5,7.5,7.5
FiberCrop,FiberCrop,FiberCrop,1990,N2O_AWB,15,7.5,7.5,7.5,11.25,7.5,7.5,7.5,7.5,7.5,7.5,7.5,7.5,7.5
FodderCrop,FodderCrop,FodderCrop,1990,N2O_AWB,15,7.5,7.5,7.5,11.25,7.5,7.5,7.5,7.5,7.5,7.5,7.5,7.5,7.5
MiscCrop,MiscCrop,MiscCrop,1990,N2O_AWB,15,7.5,7.5,7.5,11.25,7.5,7.5,7.5,7.5,7.5,7.5,7.5,7.5,7.5
OilCrop,OilCrop,OilCrop,1990,N2O_AWB,15,7.5,7.5,7.5,11.25,7.5,7.5,7.5,7.5,7.5,7.5,7.5,7.5,7.5
OtherGrain,OtherGrain,OtherGrain,1990,N2O_AWB,15,7.5,7.5,7.5,11.25,7.5,7.5,7.5,7.5,7.5,7.5,7.5,7.5,7.5
Rice,Rice,Rice,1990,N2O_AWB,15,7.5,7.5,7.5,11.25,7.5,7.5,7.5,7.5,7.5,7.5,7.5,7.5,7.5
SugarCrop,SugarCrop,SugarCrop,1990,N2O_AWB,15,7.5,7.5,7.5,11.25,7.5,7.5,7.5,7.5,7.5,7.5,7.5,7.5,7.5
Wheat,Wheat,Wheat,1990,N2O_AWB,15,7.5,7.5,7.5,11.25,7.5,7.5,7.5,7.5,7.5,7.5,7.5,7.5,7.5

INPUT_TABLE,,,,,,,,,,,,,,,,,,
Variable ID,,,,,,,,,,,,,,,,,,
11050,,,,,,,,,,,,,,,,,,
,,,,,final-emiss-coef,,,,,,,,,,,,,
FoodSupplySector,FoodSupplySubsector,FoodProductionTechnology,period,generic-ghg,USA,Canada,Western Europe,Japan,Australia_NZ,Former Soviet Union,China,Middle East,Africa,Latin America,Southeast Asia,Eastern Europe,Korea,India
Corn,Corn,Corn,1990,N2O_AWB,3.81757E-13,5.01303E-13,8.31104E-13,8.29055E-13,1.33818E-12,5.35748E-13,-1,1.05763E-12,5.0318E-13,4.40816E-13,4.54292E-13,8.02416E-13,3.81385E-12,1.24098E-13
FiberCrop,FiberCrop,FiberCrop,1990,N2O_AWB,2.74982E-15,-1,5.98649E-15,-1,9.63898E-15,3.85903E-15,-1,7.61818E-15,3.62444E-15,3.17522E-15,3.27229E-15,5.77986E-15,2.74714E-14,8.93889E-16
FodderCrop,FodderCrop,FodderCrop,1990,N2O_AWB,1.90116E-12,3.64973E-13,1.2279E-12,3.95118E-13,8.78787E-13,1.1353E-12,-1,2.00284E-12,5.26442E-13,1.77791E-13,-1,1.56891E-12,-1,-1
MiscCrop,MiscCrop,MiscCrop,1990,N2O_AWB,1.97081E-12,1.02488E-12,4.27298E-12,4.5923E-12,4.17219E-12,2.58457E-12,-1,5.11427E-12,1.58341E-12,1.88894E-12,1.64063E-12,3.61576E-12,2.21021E-11,4.44426E-13
OilCrop,OilCrop,OilCrop,1990,N2O_AWB,4.3272E-13,7.03407E-13,1.21009E-12,9.65141E-13,1.60773E-12,8.30685E-13,-1,1.55277E-12,9.56711E-13,5.42712E-13,9.29101E-13,1.27911E-12,4.5702E-12,1.78713E-13
OtherGrain,OtherGrain,OtherGrain,1990,N2O_AWB,4.58014E-13,6.34802E-13,1.07874E-12,1.07758E-12,1.66083E-12,7.20784E-13,-1,1.35789E-12,6.4193E-13,5.24443E-13,5.87719E-13,1.1223E-12,4.94336E-12,1.57289E-13
Rice,Rice,Rice,1990,N2O_AWB,5.85733E-13,-1,1.27517E-12,1.27203E-12,2.05318E-12,8.22002E-13,-1,1.62273E-12,7.72033E-13,6.76347E-13,6.97024E-13,1.23115E-12,5.85162E-12,1.90405E-13
SugarCrop,SugarCrop,SugarCrop,1990,N2O_AWB,7.30997E-13,1.70246E-12,2.8196E-12,2.03377E-12,1.79063E-12,1.81944E-12,-1,2.0864E-12,7.01433E-13,5.91501E-13,6.08296E-13,2.72506E-12,-1,1.66058E-13
Wheat,Wheat,Wheat,1990,N2O_AWB,6.14403E-13,8.06802E-13,1.33758E-12,1.33429E-12,2.15367E-12,8.62237E-13,-1,1.70216E-12,8.09821E-13,7.09452E-13,7.31141E-13,1.29142E-12,6.13803E-12,1.99725E-13

NOx_AWB,,,,,,,,,,,,,,,,,,
INPUT_TABLE,,,,,,,,,,,,,,,,,,
Variable ID,,,,,,,,,,,,,,,,,,
11001,,,,,,,,,,,,,,,,,,

region,FoodSupplySector,FoodSupplySubsector,FoodProductionTechnology,period,generic-ghg,output-driver,,,,,,,,,,,,
ALL,Corn,Corn,Corn,ALL,NOx_AWB,,,,,,,,,,,,,
ALL,FiberCrop,FiberCrop,FiberCrop,ALL,NOx_AWB,,,,,,,,,,,,,
ALL,FodderCrop,FodderCrop,FodderCrop,ALL,NOx_AWB,,,,,,,,,,,,,
ALL,MiscCrop,MiscCrop,MiscCrop,ALL,NOx_AWB,,,,,,,,,,,,,
ALL,OilCrop,OilCrop,OilCrop,ALL,NOx_AWB,,,,,,,,,,,,,
ALL,OtherGrain,OtherGrain,OtherGrain,ALL,NOx_AWB,,,,,,,,,,,,,
ALL,Rice,Rice,Rice,ALL,NOx_AWB,,,,,,,,,,,,,
ALL,SugarCrop,SugarCrop,SugarCrop,ALL,NOx_AWB,,,,,,,,,,,,,
ALL,Wheat,Wheat,Wheat,ALL,NOx_AWB,,,,,,,,,,,,,

INPUT_TABLE,,,,,,,,,,,,,,,,,,
Variable ID,,,,,,,,,,,,,,,,,,
11015,,,,,,,,,,,,,,,,,,
,,,,,uncontrolled-emiss-coef,,,,,,,,,,,,,
FoodSupplySector,FoodSupplySubsector,FoodProductionTechnology,period,generic-ghg,USA,Canada,Western Europe,Japan,Australia_NZ,Former Soviet Union,China,Middle East,Africa,Latin America,Southeast Asia,Eastern Europe,Korea,India
Corn,Corn,Corn,1990,NOx_AWB,2.6353E-11,5.26369E-11,1.46767E-11,0,1.20706E-10,4.75338E-11,6.52138E-12,9.61482E-11,4.57436E-11,4.00741E-11,4.12993E-11,8.54417E-12,3.46713E-10,1.12817E-11
FiberCrop,FiberCrop,FiberCrop,1990,NOx_AWB,1.89823E-13,0,1.05717E-13,0,8.69454E-13,3.42389E-13,4.69739E-14,6.92562E-13,3.29494E-13,2.88657E-13,2.97481E-13,6.15443E-14,2.4974E-12,8.12627E-14
FodderCrop,FodderCrop,FodderCrop,1990,NOx_AWB,1.31239E-10,3.83222E-11,2.16839E-11,0,7.92682E-11,1.00729E-10,5.08892E-16,1.82077E-10,4.78583E-11,1.61629E-11,0,1.67058E-11,0,0
MiscCrop,MiscCrop,MiscCrop,1990,NOx_AWB,1.36047E-10,1.07613E-10,7.54577E-11,0,3.76339E-10,2.29314E-10,3.17987E-11,4.64933E-10,1.43946E-10,1.71721E-10,1.49148E-10,3.85008E-11,2.00929E-09,4.04023E-11
OilCrop,OilCrop,OilCrop,1990,NOx_AWB,2.98711E-11,7.38578E-11,2.13693E-11,0,1.4502E-10,7.37019E-11,8.81092E-12,1.41161E-10,8.69737E-11,4.93375E-11,8.44637E-11,1.362E-11,4.15473E-10,1.62466E-11
OtherGrain,OtherGrain,OtherGrain,1990,NOx_AWB,3.16171E-11,6.66543E-11,1.90498E-11,0,1.4981E-10,6.3951E-11,8.53238E-12,1.23445E-10,5.83573E-11,4.76766E-11,5.3429E-11,1.19503E-11,4.49397E-10,1.4299E-11
Rice,Rice,Rice,1990,NOx_AWB,4.04337E-11,0,2.25186E-11,0,1.852E-10,7.29315E-11,1.00058E-11,1.47521E-10,7.01848E-11,6.14861E-11,6.33658E-11,1.31094E-11,5.31965E-10,1.73096E-11
SugarCrop,SugarCrop,SugarCrop,1990,NOx_AWB,5.04614E-11,1.78759E-10,4.97921E-11,0,1.61518E-10,1.61428E-10,9.23587E-12,1.89673E-10,6.37667E-11,5.37728E-11,5.52997E-11,2.90166E-11,0,1.50962E-11
Wheat,Wheat,Wheat,1990,NOx_AWB,4.24128E-11,8.47143E-11,2.36208E-11,0,1.94265E-10,7.65013E-11,1.04956E-11,1.54742E-10,7.36201E-11,6.44956E-11,6.64674E-11,1.37511E-11,5.58003E-10,1.81568E-11

INPUT_TABLE,,,,,,,,,,,,,,,,,,
Variable ID,,,,,,,,,,,,,,,,,,
11030,,,,,,,,,,,,,,,,,,
,,,,,gdp-mid-control,,,,,,,,,,,,,
FoodSupplySector,FoodSupplySubsector,FoodProductionTechnology,period,generic-ghg,USA,Canada,Western Europe,Japan,Australia_NZ,Former Soviet Union,China,Middle East,Africa,Latin America,Southeast Asia,Eastern Europe,Korea,India
Corn,Corn,Corn,1990,NOx_AWB,20,10,10,10,15,10,10,10,10,10,10,10,10,10
FiberCrop,FiberCrop,FiberCrop,1990,NOx_AWB,20,10,10,10,15,10,10,10,10,10,10,10,10,10
FodderCrop,FodderCrop,FodderCrop,1990,NOx_AWB,20,10,10,10,15,10,10,10,10,10,10,10,10,10
MiscCrop,MiscCrop,MiscCrop,1990,NOx_AWB,20,10,10,10,15,10,10,10,10,10,10,10,10,10
OilCrop,OilCrop,OilCrop,1990,NOx_AWB,20,10,10,10,15,10,10,10,10,10,10,10,10,10
OtherGrain,OtherGrain,OtherGrain,1990,NOx_AWB,20,10,10,10,15,10,10,10,10,10,10,10,10,10
Rice,Rice,Rice,1990,NOx_AWB,20,10,10,10,15,10,10,10,10,10,10,10,10,10
SugarCrop,SugarCrop,SugarCrop,1990,NOx_AWB,20,10,10,10,15,10,10,10,10,10,10,10,10,10
Wheat,Wheat,Wheat,1990,NOx_AWB,20,10,10,10,15,10,10,10,10,10,10,10,10,10

INPUT_TABLE,,,,,,,,,,,,,,,,,,
Variable ID,,,,,,,,,,,,,,,,,,
11040,,,,,,,,,,,,,,,,,,
,,,,,gdp-control-range,,,,,,,,,,,,,
FoodSupplySector,FoodSupplySubsector,FoodProductionTechnology,period,generic-ghg,USA,Canada,Western Europe,Japan,Australia_NZ,Former Soviet Union,China,Middle East,Africa,Latin America,Southeast Asia,Eastern Europe,Korea,India
Corn,Corn,Corn,1990,NOx_AWB,15,7.5,7.5,7.5,11.25,7.5,7.5,7.5,7.5,7.5,7.5,7.5,7.5,7.5
FiberCrop,FiberCrop,FiberCrop,1990,NOx_AWB,15,7.5,7.5,7.5,11.25,7.5,7.5,7.5,7.5,7.5,7.5,7.5,7.5,7.5
FodderCrop,FodderCrop,FodderCrop,1990,NOx_AWB,15,7.5,7.5,7.5,11.25,7.5,7.5,7.5,7.5,7.5,7.5,7.5,7.5,7.5
MiscCrop,MiscCrop,MiscCrop,1990,NOx_AWB,15,7.5,7.5,7.5,11.25,7.5,7.5,7.5,7.5,7.5,7.5,7.5,7.5,7.5
OilCrop,OilCrop,OilCrop,1990,NOx_AWB,15,7.5,7.5,7.5,11.25,7.5,7.5,7.5,7.5,7.5,7.5,7.5,7.5,7.5
OtherGrain,OtherGrain,OtherGrain,1990,NOx_AWB,15,7.5,7.5,7.5,11.25,7.5,7.5,7.5,7.5,7.5,7.5,7.5,7.5,7.5
Rice,Rice,Rice,1990,NOx_AWB,15,7.5,7.5,7.5,11.25,7.5,7.5,7.5,7.5,7.5,7.5,7.5,7.5,7.5
SugarCrop,SugarCrop,SugarCrop,1990,NOx_AWB,15,7.5,7.5,7.5,11.25,7.5,7.5,7.5,7.5,7.5,7.5,7.5,7.5,7.5
Wheat,Wheat,Wheat,1990,NOx_AWB,15,7.5,7.5,7.5,11.25,7.5,7.5,7.5,7.5,7.5,7.5,7.5,7.5,7.5

INPUT_TABLE,,,,,,,,,,,,,,,,,,
Variable ID,,,,,,,,,,,,,,,,,,
11050,,,,,,,,,,,,,,,,,,
,,,,,final-emiss-coef,,,,,,,,,,,,,
FoodSupplySector,FoodSupplySubsector,FoodProductionTechnology,period,generic-ghg,USA,Canada,Western Europe,Japan,Australia_NZ,Former Soviet Union,China,Middle East,Africa,Latin America,Southeast Asia,Eastern Europe,Korea,India
Corn,Corn,Corn,1990,NOx_AWB,1.05412E-11,2.10548E-11,5.87067E-12,-1,4.82824E-11,1.90135E-11,2.60855E-12,3.84593E-11,1.82974E-11,1.60297E-11,1.65197E-11,3.41767E-12,1.38685E-10,4.51267E-12
FiberCrop,FiberCrop,FiberCrop,1990,NOx_AWB,7.5929E-14,-1,4.22869E-14,-1,3.47782E-13,1.36956E-13,1.87896E-14,2.77025E-13,1.31798E-13,1.15463E-13,1.18993E-13,2.46177E-14,9.98959E-13,3.25051E-14
FodderCrop,FodderCrop,FodderCrop,1990,NOx_AWB,5.24956E-11,1.53289E-11,8.67355E-12,-1,3.17073E-11,4.02915E-11,2.03557E-16,7.28307E-11,1.91433E-11,6.46515E-12,-1,6.68233E-12,-1,-1
MiscCrop,MiscCrop,MiscCrop,1990,NOx_AWB,5.44187E-11,4.30451E-11,3.01831E-11,-1,1.50536E-10,9.17257E-11,1.27195E-11,1.85973E-10,5.75785E-11,6.86886E-11,5.96591E-11,1.54003E-11,8.03714E-10,1.61609E-11
OilCrop,OilCrop,OilCrop,1990,NOx_AWB,1.19484E-11,2.95431E-11,8.54771E-12,-1,5.8008E-11,2.94808E-11,3.52437E-12,5.64644E-11,3.47895E-11,1.9735E-11,3.37855E-11,5.448E-12,1.66189E-10,6.49865E-12
OtherGrain,OtherGrain,OtherGrain,1990,NOx_AWB,1.26469E-11,2.66617E-11,7.61993E-12,-1,5.99239E-11,2.55804E-11,3.41295E-12,4.93779E-11,2.33429E-11,1.90707E-11,2.13716E-11,4.78012E-12,1.79759E-10,5.71959E-12
Rice,Rice,Rice,1990,NOx_AWB,1.61735E-11,-1,9.00743E-12,-1,7.40801E-11,2.91726E-11,4.00232E-12,5.90084E-11,2.80739E-11,2.45944E-11,2.53463E-11,5.24376E-12,2.12786E-10,6.92383E-12
SugarCrop,SugarCrop,SugarCrop,1990,NOx_AWB,2.01846E-11,7.15035E-11,1.99169E-11,-1,6.46074E-11,6.45713E-11,3.69435E-12,7.58691E-11,2.55067E-11,2.15091E-11,2.21199E-11,1.16066E-11,-1,6.03847E-12
Wheat,Wheat,Wheat,1990,NOx_AWB,1.69651E-11,3.38857E-11,9.44831E-12,-1,7.77061E-11,3.06005E-11,4.19823E-12,6.18967E-11,2.9448E-11,2.57983E-11,2.65869E-11,5.50043E-12,2.23201E-10,7.26273E-12

CO_AWB,,,,,,,,,,,,,,,,,,
INPUT_TABLE,,,,,,
Variable ID,,,,,,
11001,,,,,,

region,FoodSupplySector,FoodSupplySubsector,FoodProductionTechnology,period,generic-ghg,output-driver
ALL,Corn,Corn,Corn,ALL,CO_AWB,
ALL,FiberCrop,FiberCrop,FiberCrop,ALL,CO_AWB,
ALL,FodderCrop,FodderCrop,FodderCrop,ALL,CO_AWB,
ALL,MiscCrop,MiscCrop,MiscCrop,ALL,CO_AWB,
ALL,OilCrop,OilCrop,OilCrop,ALL,CO_AWB,
ALL,OtherGrain,OtherGrain,OtherGrain,ALL,CO_AWB,
ALL,Rice,Rice,Rice,ALL,CO_AWB,
ALL,SugarCrop,SugarCrop,SugarCrop,ALL,CO_AWB,
ALL,Wheat,Wheat,Wheat,ALL,CO_AWB,

INPUT_TABLE,,,,,,
Variable ID,,,,,,,,,,,,,,,,,,
11015,,,,,,,,,,,,,,,,,,
,,,,,uncontrolled-emiss-coef,,,,,,,,,,,,,
FoodSupplySector,FoodSupplySubsector,FoodProductionTechnology,period,generic-ghg,USA,Canada,Western Europe,Japan,Australia_NZ,Former Soviet Union,China,Middle East,Africa,Latin America,Southeast Asia,Eastern Europe,Korea,India
Corn,Corn,Corn,1990,CO_AWB,6.05377E-10,1.45409E-09,4.86414E-10,2.76359E-09,2.56144E-09,1.05388E-09,1.39753E-09,2.13129E-09,1.01398E-09,8.8831E-10,9.15467E-10,3.33595E-10,7.68548E-09,2.50077E-10
FiberCrop,FiberCrop,FiberCrop,1990,CO_AWB,4.36057E-12,0,3.50367E-12,0,1.84502E-11,7.5912E-12,1.00665E-11,1.53518E-11,7.30379E-12,6.39856E-12,6.59417E-12,2.4029E-12,5.5359E-11,1.80132E-12
FodderCrop,FodderCrop,FodderCrop,1990,CO_AWB,3.0148E-09,1.05865E-09,7.18646E-10,1.31709E-09,1.68211E-09,2.23328E-09,1.09055E-13,4.03603E-09,1.06086E-09,3.58277E-10,0,6.52255E-10,0,0
MiscCrop,MiscCrop,MiscCrop,1990,CO_AWB,3.12524E-09,2.9728E-09,2.50081E-09,1.53081E-08,7.98609E-09,5.08419E-09,6.81445E-09,1.0306E-08,3.19081E-09,3.80649E-09,3.30611E-09,1.50321E-09,4.45392E-08,8.95585E-10
OilCrop,OilCrop,OilCrop,1990,CO_AWB,6.86193E-10,2.04032E-09,7.08219E-10,3.21722E-09,3.07739E-09,1.63406E-09,1.88817E-09,3.12907E-09,1.92792E-09,1.09365E-09,1.87228E-09,5.31773E-10,9.20964E-09,3.60134E-10
OtherGrain,OtherGrain,OtherGrain,1990,CO_AWB,7.26303E-10,1.84132E-09,6.31348E-10,3.59204E-09,3.17903E-09,1.41787E-09,1.82848E-09,2.73636E-09,1.29359E-09,1.05683E-09,1.18434E-09,4.66582E-10,9.96163E-09,3.1696E-10
Rice,Rice,Rice,1990,CO_AWB,9.28835E-10,0,7.46309E-10,4.2402E-09,3.93003E-09,1.61698E-09,2.14424E-09,3.27005E-09,1.55576E-09,1.36294E-09,1.40461E-09,5.11837E-10,1.17919E-08,3.83695E-10
SugarCrop,SugarCrop,SugarCrop,1990,CO_AWB,1.15919E-09,4.93821E-09,1.65021E-09,6.77941E-09,3.42749E-09,3.57907E-09,1.97924E-09,4.20441E-09,1.41349E-09,1.19196E-09,1.22581E-09,1.13291E-09,0,3.34632E-10
Wheat,Wheat,Wheat,1990,CO_AWB,9.74298E-10,2.34023E-09,7.82838E-10,4.44774E-09,4.1224E-09,1.69613E-09,2.24919E-09,3.43011E-09,1.63191E-09,1.42965E-09,1.47336E-09,5.3689E-10,1.23691E-08,4.02476E-10

INPUT_TABLE,,,,,,,,,,,,,,,,,,
Variable ID,,,,,,,,,,,,,,,,,,
11030,,,,,,,,,,,,,,,,,,
,,,,,gdp-mid-control,,,,,,,,,,,,,
FoodSupplySector,FoodSupplySubsector,FoodProductionTechnology,period,generic-ghg,USA,Canada,Western Europe,Japan,Australia_NZ,Former Soviet Union,China,Middle East,Africa,Latin America,Southeast Asia,Eastern Europe,Korea,India
Corn,Corn,Corn,1990,CO_AWB,20,10,10,10,15,10,10,10,10,10,10,10,10,10
FiberCrop,FiberCrop,FiberCrop,1990,CO_AWB,20,10,10,10,15,10,10,10,10,10,10,10,10,10
FodderCrop,FodderCrop,FodderCrop,1990,CO_AWB,20,10,10,10,15,10,10,10,10,10,10,10,10,10
MiscCrop,MiscCrop,MiscCrop,1990,CO_AWB,20,10,10,10,15,10,10,10,10,10,10,10,10,10
OilCrop,OilCrop,OilCrop,1990,CO_AWB,20,10,10,10,15,10,10,10,10,10,10,10,10,10
OtherGrain,OtherGrain,OtherGrain,1990,CO_AWB,20,10,10,10,15,10,10,10,10,10,10,10,10,10
Rice,Rice,Rice,1990,CO_AWB,20,10,10,10,15,10,10,10,10,10,10,10,10,10
SugarCrop,SugarCrop,SugarCrop,1990,CO_AWB,20,10,10,10,15,10,10,10,10,10,10,10,10,10
Wheat,Wheat,Wheat,1990,CO_AWB,20,10,10,10,15,10,10,10,10,10,10,10,10,10

INPUT_TABLE,,,,,,,,,,,,,,,,,,
Variable ID,,,,,,,,,,,,,,,,,,
11040,,,,,,,,,,,,,,,,,,
,,,,,gdp-control-range,,,,,,,,,,,,,
FoodSupplySector,FoodSupplySubsector,FoodProductionTechnology,period,generic-ghg,USA,Canada,Western Europe,Japan,Australia_NZ,Former Soviet Union,China,Middle East,Africa,Latin America,Southeast Asia,Eastern Europe,Korea,India
Corn,Corn,Corn,1990,CO_AWB,15,7.5,7.5,7.5,11.25,7.5,7.5,7.5,7.5,7.5,7.5,7.5,7.5,7.5
FiberCrop,FiberCrop,FiberCrop,1990,CO_AWB,15,7.5,7.5,7.5,11.25,7.5,7.5,7.5,7.5,7.5,7.5,7.5,7.5,7.5
FodderCrop,FodderCrop,FodderCrop,1990,CO_AWB,15,7.5,7.5,7.5,11.25,7.5,7.5,7.5,7.5,7.5,7.5,7.5,7.5,7.5
MiscCrop,MiscCrop,MiscCrop,1990,CO_AWB,15,7.5,7.5,7.5,11.25,7.5,7.5,7.5,7.5,7.5,7.5,7.5,7.5,7.5
OilCrop,OilCrop,OilCrop,1990,CO_AWB,15,7.5,7.5,7.5,11.25,7.5,7.5,7.5,7.5,7.5,7.5,7.5,7.5,7.5
OtherGrain,OtherGrain,OtherGrain,1990,CO_AWB,15,7.5,7.5,7.5,11.25,7.5,7.5,7.5,7.5,7.5,7.5,7.5,7.5,7.5
Rice,Rice,Rice,1990,CO_AWB,15,7.5,7.5,7.5,11.25,7.5,7.5,7.5,7.5,7.5,7.5,7.5,7.5,7.5
SugarCrop,SugarCrop,SugarCrop,1990,CO_AWB,15,7.5,7.5,7.5,11.25,7.5,7.5,7.5,7.5,7.5,7.5,7.5,7.5,7.5
Wheat,Wheat,Wheat,1990,CO_AWB,15,7.5,7.5,7.5,11.25,7.5,7.5,7.5,7.5,7.5,7.5,7.5,7.5,7.5

INPUT_TABLE,,,,,,,,,,,,,,,,,,
Variable ID,,,,,,,,,,,,,,,,,,
11050,,,,,,,,,,,,,,,,,,
,,,,,final-emiss-coef,,,,,,,,,,,,,
FoodSupplySector,FoodSupplySubsector,FoodProductionTechnology,period,generic-ghg,USA,Canada,Western Europe,Japan,Australia_NZ,Former Soviet Union,China,Middle East,Africa,Latin America,Southeast Asia,Eastern Europe,Korea,India
Corn,Corn,Corn,1990,CO_AWB,2.42151E-10,5.81638E-10,1.94566E-10,1.10544E-09,1.02457E-09,4.21554E-10,5.59011E-10,8.52514E-10,4.05593E-10,3.55324E-10,3.66187E-10,1.33438E-10,3.07419E-09,1.00031E-10
FiberCrop,FiberCrop,FiberCrop,1990,CO_AWB,1.74423E-12,-1,1.40147E-12,-1,7.38008E-12,3.03648E-12,4.0266E-12,6.14072E-12,2.92152E-12,2.55942E-12,2.63767E-12,9.61162E-13,2.21436E-11,7.20529E-13
FodderCrop,FodderCrop,FodderCrop,1990,CO_AWB,1.20592E-09,4.23461E-10,2.87458E-10,5.26837E-10,6.72843E-10,8.93314E-10,4.36221E-14,1.61441E-09,4.24344E-10,1.43311E-10,-1,2.60902E-10,-1,-1
MiscCrop,MiscCrop,MiscCrop,1990,CO_AWB,1.2501E-09,1.18912E-09,1.00033E-09,6.12323E-09,3.19443E-09,2.03368E-09,2.72578E-09,4.12241E-09,1.27632E-09,1.5226E-09,1.32244E-09,6.01282E-10,1.78157E-08,3.58234E-10
OilCrop,OilCrop,OilCrop,1990,CO_AWB,2.74477E-10,8.16129E-10,2.83288E-10,1.28689E-09,1.23095E-09,6.53626E-10,7.5527E-10,1.25163E-09,7.71167E-10,4.37459E-10,7.48912E-10,2.12709E-10,3.68386E-09,1.44054E-10
OtherGrain,OtherGrain,OtherGrain,1990,CO_AWB,2.90521E-10,7.3653E-10,2.52539E-10,1.43682E-09,1.27161E-09,5.6715E-10,7.31394E-10,1.09454E-09,5.17435E-10,4.22733E-10,4.73737E-10,1.86633E-10,3.98465E-09,1.26784E-10
Rice,Rice,Rice,1990,CO_AWB,3.71534E-10,-1,2.98524E-10,1.69608E-09,1.57201E-09,6.46794E-10,8.57696E-10,1.30802E-09,6.22305E-10,5.45177E-10,5.61844E-10,2.04735E-10,4.71676E-09,1.53478E-10
SugarCrop,SugarCrop,SugarCrop,1990,CO_AWB,4.63676E-10,1.97528E-09,6.60083E-10,2.71177E-09,1.371E-09,1.43163E-09,7.91696E-10,1.68176E-09,5.65398E-10,4.76785E-10,4.90324E-10,4.53164E-10,-1,1.33853E-10
Wheat,Wheat,Wheat,1990,CO_AWB,3.89719E-10,9.36092E-10,3.13135E-10,1.7791E-09,1.64896E-09,6.78452E-10,8.99677E-10,1.37204E-09,6.52765E-10,5.71861E-10,5.89344E-10,2.14756E-10,4.94763E-09,1.6099E-10

NMVOC_AWB,,,,,,,,,,,,,,,,,,
INPUT_TABLE,,,,,,,,,,,,,,,,,,
Variable ID,,,,,,,,,,,,,,,,,,
11001,,,,,,,,,,,,,,,,,,

region,FoodSupplySector,FoodSupplySubsector,FoodProductionTechnology,period,generic-ghg,output-driver,,,,,,,,,,,,
ALL,Corn,Corn,Corn,ALL,NMVOC_AWB,,,,,,,,,,,,,
ALL,FiberCrop,FiberCrop,FiberCrop,ALL,NMVOC_AWB,,,,,,,,,,,,,
ALL,FodderCrop,FodderCrop,FodderCrop,ALL,NMVOC_AWB,,,,,,,,,,,,,
ALL,MiscCrop,MiscCrop,MiscCrop,ALL,NMVOC_AWB,,,,,,,,,,,,,
ALL,OilCrop,OilCrop,OilCrop,ALL,NMVOC_AWB,,,,,,,,,,,,,
ALL,OtherGrain,OtherGrain,OtherGrain,ALL,NMVOC_AWB,,,,,,,,,,,,,
ALL,Rice,Rice,Rice,ALL,NMVOC_AWB,,,,,,,,,,,,,
ALL,SugarCrop,SugarCrop,SugarCrop,ALL,NMVOC_AWB,,,,,,,,,,,,,
ALL,Wheat,Wheat,Wheat,ALL,NMVOC_AWB,,,,,,,,,,,,,

INPUT_TABLE,,,,,,,,,,,,,,,,,,
Variable ID,,,,,,,,,,,,,,,,,,
11015,,,,,,,,,,,,,,,,,,
,,,,,uncontrolled-emiss-coef,,,,,,,,,,,,,
FoodSupplySector,FoodSupplySubsector,FoodProductionTechnology,period,generic-ghg,USA,Canada,Western Europe,Japan,Australia_NZ,Former Soviet Union,China,Middle East,Africa,Latin America,Southeast Asia,Eastern Europe,Korea,India
Corn,Corn,Corn,1990,NMVOC_AWB,6.01393E-11,9.86942E-11,1.07406E-11,0,1.43439E-10,1.26757E-10,2.62731E-10,2.56395E-10,1.21983E-10,1.06864E-10,1.10131E-10,3.23717E-11,9.24569E-10,3.00845E-11
FiberCrop,FiberCrop,FiberCrop,1990,NMVOC_AWB,4.33187E-13,0,7.73652E-14,0,1.0332E-12,9.13038E-13,1.89247E-12,1.84683E-12,8.78651E-13,7.69751E-13,7.93284E-13,2.33175E-13,6.65973E-12,2.167E-13
FodderCrop,FodderCrop,FodderCrop,1990,NMVOC_AWB,2.99495E-10,7.18542E-11,1.58685E-11,0,9.41971E-11,2.6861E-10,2.0502E-14,4.85538E-10,1.27622E-10,4.3101E-11,0,6.32941E-11,0,0
MiscCrop,MiscCrop,MiscCrop,1990,NMVOC_AWB,3.10467E-10,2.01774E-10,5.52209E-11,0,4.47217E-10,6.11505E-10,1.28109E-09,1.23982E-09,3.83857E-10,4.57924E-10,3.97727E-10,1.45869E-10,5.35809E-09,1.0774E-10
OilCrop,OilCrop,OilCrop,1990,NMVOC_AWB,6.81677E-11,1.38483E-10,1.56383E-11,0,1.72332E-10,1.96538E-10,3.54971E-10,3.76429E-10,2.3193E-10,1.31567E-10,2.25237E-10,5.16027E-11,1.10793E-09,4.33244E-11
OtherGrain,OtherGrain,OtherGrain,1990,NMVOC_AWB,7.21523E-11,1.24977E-10,1.39409E-11,0,1.78024E-10,1.70536E-10,3.43749E-10,3.29186E-10,1.55619E-10,1.27138E-10,1.42477E-10,4.52766E-11,1.19839E-09,3.81306E-11
Rice,Rice,Rice,1990,NMVOC_AWB,9.22722E-11,0,1.64794E-11,0,2.2008E-10,1.94484E-10,4.0311E-10,3.93389E-10,1.87159E-10,1.63963E-10,1.68976E-10,4.96681E-11,1.41857E-09,4.61589E-11
SugarCrop,SugarCrop,SugarCrop,1990,NMVOC_AWB,1.15156E-10,3.35172E-10,3.64385E-11,0,1.91938E-10,4.30475E-10,3.72091E-10,5.05794E-10,1.70044E-10,1.43394E-10,1.47466E-10,1.09936E-10,0,4.02564E-11
Wheat,Wheat,Wheat,1990,NMVOC_AWB,9.67886E-11,1.58839E-10,1.7286E-11,0,2.30852E-10,2.04003E-10,4.22841E-10,4.12645E-10,1.9632E-10,1.71988E-10,1.77246E-10,5.20992E-11,1.48801E-09,4.84182E-11

INPUT_TABLE,,,,,,,,,,,,,,,,,,
Variable ID,,,,,,,,,,,,,,,,,,
11030,,,,,,,,,,,,,,,,,,
,,,,,gdp-mid-control,,,,,,,,,,,,,
FoodSupplySector,FoodSupplySubsector,FoodProductionTechnology,period,generic-ghg,USA,Canada,Western Europe,Japan,Australia_NZ,Former Soviet Union,China,Middle East,Africa,Latin America,Southeast Asia,Eastern Europe,Korea,India
Corn,Corn,Corn,1990,NMVOC_AWB,20,10,10,10,15,10,10,10,10,10,10,10,10,10
FiberCrop,FiberCrop,FiberCrop,1990,NMVOC_AWB,20,10,10,10,15,10,10,10,10,10,10,10,10,10
FodderCrop,FodderCrop,FodderCrop,1990,NMVOC_AWB,20,10,10,10,15,10,10,10,10,10,10,10,10,10
MiscCrop,MiscCrop,MiscCrop,1990,NMVOC_AWB,20,10,10,10,15,10,10,10,10,10,10,10,10,10
OilCrop,OilCrop,OilCrop,1990,NMVOC_AWB,20,10,10,10,15,10,10,10,10,10,10,10,10,10
OtherGrain,OtherGrain,OtherGrain,1990,NMVOC_AWB,20,10,10,10,15,10,10,10,10,10,10,10,10,10
Rice,Rice,Rice,1990,NMVOC_AWB,20,10,10,10,15,10,10,10,10,10,10,10,10,10
SugarCrop,SugarCrop,SugarCrop,1990,NMVOC_AWB,20,10,10,10,15,10,10,10,10,10,10,10,10,10
Wheat,Wheat,Wheat,1990,NMVOC_AWB,20,10,10,10,15,10,10,10,10,10,10,10,10,10

INPUT_TABLE,,,,,,,,,,,,,,,,,,
Variable ID,,,,,,,,,,,,,,,,,,
11040,,,,,,,,,,,,,,,,,,
,,,,,gdp-control-range,,,,,,,,,,,,,
FoodSupplySector,FoodSupplySubsector,FoodProductionTechnology,period,generic-ghg,USA,Canada,Western Europe,Japan,Australia_NZ,Former Soviet Union,China,Middle East,Africa,Latin America,Southeast Asia,Eastern Europe,Korea,India
Corn,Corn,Corn,1990,NMVOC_AWB,15,7.5,7.5,7.5,11.25,7.5,7.5,7.5,7.5,7.5,7.5,7.5,7.5,7.5
FiberCrop,FiberCrop,FiberCrop,1990,NMVOC_AWB,15,7.5,7.5,7.5,11.25,7.5,7.5,7.5,7.5,7.5,7.5,7.5,7.5,7.5
FodderCrop,FodderCrop,FodderCrop,1990,NMVOC_AWB,15,7.5,7.5,7.5,11.25,7.5,7.5,7.5,7.5,7.5,7.5,7.5,7.5,7.5
MiscCrop,MiscCrop,MiscCrop,1990,NMVOC_AWB,15,7.5,7.5,7.5,11.25,7.5,7.5,7.5,7.5,7.5,7.5,7.5,7.5,7.5
OilCrop,OilCrop,OilCrop,1990,NMVOC_AWB,15,7.5,7.5,7.5,11.25,7.5,7.5,7.5,7.5,7.5,7.5,7.5,7.5,7.5
OtherGrain,OtherGrain,OtherGrain,1990,NMVOC_AWB,15,7.5,7.5,7.5,11.25,7.5,7.5,7.5,7.5,7.5,7.5,7.5,7.5,7.5
Rice,Rice,Rice,1990,NMVOC_AWB,15,7.5,7.5,7.5,11.25,7.5,7.5,7.5,7.5,7.5,7.5,7.5,7.5,7.5
SugarCrop,SugarCrop,SugarCrop,1990,NMVOC_AWB,15,7.5,7.5,7.5,11.25,7.5,7.5,7.5,7.5,7.5,7.5,7.5,7.5,7.5
Wheat,Wheat,Wheat,1990,NMVOC_AWB,15,7.5,7.5,7.5,11.25,7.5,7.5,7.5,7.5,7.5,7.5,7.5,7.5,7.5

INPUT_TABLE,,,,,,,,,,,,,,,,,,
Variable ID,,,,,,,,,,,,,,,,,,
11050,,,,,,,,,,,,,,,,,,
,,,,,final-emiss-coef,,,,,,,,,,,,,
FoodSupplySector,FoodSupplySubsector,FoodProductionTechnology,period,generic-ghg,USA,Canada,Western Europe,Japan,Australia_NZ,Former Soviet Union,China,Middle East,Africa,Latin America,Southeast Asia,Eastern Europe,Korea,India
Corn,Corn,Corn,1990,NMVOC_AWB,2.40557E-11,3.94777E-11,4.29624E-12,-1,5.73756E-11,5.07027E-11,1.05092E-10,1.02558E-10,4.87932E-11,4.27458E-11,4.40526E-11,1.29487E-11,3.69827E-10,1.20338E-11
FiberCrop,FiberCrop,FiberCrop,1990,NMVOC_AWB,1.73275E-13,-1,3.09461E-14,-1,4.1328E-13,3.65215E-13,7.56987E-13,7.38733E-13,3.5146E-13,3.07901E-13,3.17313E-13,9.32701E-14,2.66389E-12,8.66802E-14
FodderCrop,FodderCrop,FodderCrop,1990,NMVOC_AWB,1.19798E-10,2.87417E-11,6.34742E-12,-1,3.76788E-11,1.07444E-10,8.20082E-15,1.94215E-10,5.10489E-11,1.72404E-11,-1,2.53176E-11,-1,-1
MiscCrop,MiscCrop,MiscCrop,1990,NMVOC_AWB,1.24187E-10,8.07096E-11,2.20884E-11,-1,1.78887E-10,2.44602E-10,5.12438E-10,4.95929E-10,1.53543E-10,1.8317E-10,1.59091E-10,5.83478E-11,2.14324E-09,4.30958E-11
OilCrop,OilCrop,OilCrop,1990,NMVOC_AWB,2.72671E-11,5.53934E-11,6.25532E-12,-1,6.89328E-11,7.86154E-11,1.41988E-10,1.50572E-10,9.2772E-11,5.26266E-11,9.00946E-11,2.06411E-11,4.43171E-10,1.73297E-11
OtherGrain,OtherGrain,OtherGrain,1990,NMVOC_AWB,2.88609E-11,4.99907E-11,5.57637E-12,-1,7.12096E-11,6.82144E-11,1.375E-10,1.31674E-10,6.22478E-11,5.08551E-11,5.69909E-11,1.81107E-11,4.79357E-10,1.52522E-11
Rice,Rice,Rice,1990,NMVOC_AWB,3.69089E-11,-1,6.59175E-12,-1,8.80319E-11,7.77936E-11,1.61244E-10,1.57356E-10,7.48638E-11,6.55852E-11,6.75902E-11,1.98672E-11,5.67429E-10,1.84635E-11
SugarCrop,SugarCrop,SugarCrop,1990,NMVOC_AWB,4.60624E-11,1.34069E-10,1.45754E-11,-1,7.67751E-11,1.7219E-10,1.48836E-10,2.02318E-10,6.80178E-11,5.73577E-11,5.89863E-11,4.39746E-11,-1,1.61026E-11
Wheat,Wheat,Wheat,1990,NMVOC_AWB,3.87154E-11,6.35357E-11,6.9144E-12,-1,9.23408E-11,8.16014E-11,1.69136E-10,1.65058E-10,7.85281E-11,6.87954E-11,7.08985E-11,2.08397E-11,5.95203E-10,1.93673E-11

NH3_AWB,,,,,,,,,,,,,,,,,,
INPUT_TABLE,,,,,,,,,,,,,,,,,,
Variable ID,,,,,,,,,,,,,,,,,,
11001,,,,,,,,,,,,,,,,,,

region,FoodSupplySector,FoodSupplySubsector,FoodProductionTechnology,period,generic-ghg,output-driver,,,,,,,,,,,,
ALL,Corn,Corn,Corn,ALL,NH3_AWB,,,,,,,,,,,,,
ALL,FiberCrop,FiberCrop,FiberCrop,ALL,NH3_AWB,,,,,,,,,,,,,
ALL,FodderCrop,FodderCrop,FodderCrop,ALL,NH3_AWB,,,,,,,,,,,,,
ALL,MiscCrop,MiscCrop,MiscCrop,ALL,NH3_AWB,,,,,,,,,,,,,
ALL,OilCrop,OilCrop,OilCrop,ALL,NH3_AWB,,,,,,,,,,,,,
ALL,OtherGrain,OtherGrain,OtherGrain,ALL,NH3_AWB,,,,,,,,,,,,,
ALL,Rice,Rice,Rice,ALL,NH3_AWB,,,,,,,,,,,,,
ALL,SugarCrop,SugarCrop,SugarCrop,ALL,NH3_AWB,,,,,,,,,,,,,
ALL,Wheat,Wheat,Wheat,ALL,NH3_AWB,,,,,,,,,,,,,

INPUT_TABLE,,,,,,,,,,,,,,,,,,
Variable ID,,,,,,,,,,,,,,,,,,
11015,,,,,,,,,,,,,,,,,,
,,,,,uncontrolled-emiss-coef,,,,,,,,,,,,,
FoodSupplySector,FoodSupplySubsector,FoodProductionTechnology,period,generic-ghg,USA,Canada,Western Europe,Japan,Australia_NZ,Former Soviet Union,China,Middle East,Africa,Latin America,Southeast Asia,Eastern Europe,Korea,India
Corn,Corn,Corn,1990,NH3_AWB,2.38358E-12,4.02822E-12,3.94473E-12,7.32603E-13,0,6.52566E-14,6.9762E-14,1.04079E-12,0,5.62039E-14,4.38608E-13,1.1911E-13,0,1.03401E-12
FiberCrop,FiberCrop,FiberCrop,1990,NH3_AWB,1.71691E-14,0,2.84142E-14,0,0,4.70047E-16,5.025E-16,7.49689E-15,0,4.04841E-16,3.15932E-15,8.5796E-16,0,7.44806E-15
FodderCrop,FodderCrop,FodderCrop,1990,NH3_AWB,1.18703E-11,2.93274E-12,5.82809E-12,3.4915E-13,0,1.38285E-13,5.44383E-18,1.97095E-12,0,2.26684E-14,0,2.32888E-13,0,0
MiscCrop,MiscCrop,MiscCrop,1990,NH3_AWB,1.23051E-11,8.23545E-12,2.02812E-11,4.05803E-12,0,3.14813E-13,3.40164E-13,5.03284E-12,0,2.40839E-13,1.58399E-12,5.36721E-13,0,3.70304E-12
OilCrop,OilCrop,OilCrop,1990,NH3_AWB,2.70178E-12,5.65223E-12,5.74353E-12,8.52856E-13,0,1.01181E-13,9.42541E-14,1.52805E-12,0,6.91957E-14,8.97025E-13,1.8987E-13,0,1.48907E-12
OtherGrain,OtherGrain,OtherGrain,1990,NH3_AWB,2.85971E-12,5.10095E-12,5.12012E-12,9.52218E-13,0,8.77948E-14,9.12745E-14,1.33627E-12,0,6.68664E-14,5.67429E-13,1.66594E-13,0,1.31056E-12
Rice,Rice,Rice,1990,NH3_AWB,3.65714E-12,0,6.05243E-12,1.12404E-12,0,1.00124E-13,1.07036E-13,1.59689E-12,0,8.62342E-14,6.7296E-13,1.82752E-13,0,1.58649E-12
SugarCrop,SugarCrop,SugarCrop,1990,NH3_AWB,4.56413E-12,1.36801E-11,1.33829E-11,1.79716E-12,0,2.21616E-13,9.88E-14,2.05318E-12,0,7.54163E-14,5.87296E-13,4.04507E-13,0,1.38363E-12
Wheat,Wheat,Wheat,1990,NH3_AWB,3.83615E-12,6.48305E-12,6.34868E-12,1.17906E-12,0,1.05024E-13,1.12275E-13,1.67506E-12,0,9.04551E-14,7.05899E-13,1.91697E-13,0,1.66415E-12

INPUT_TABLE,,,,,,,,,,,,,,,,,,
Variable ID,,,,,,,,,,,,,,,,,,
11030,,,,,,,,,,,,,,,,,,
,,,,,gdp-mid-control,,,,,,,,,,,,,
FoodSupplySector,FoodSupplySubsector,FoodProductionTechnology,period,generic-ghg,USA,Canada,Western Europe,Japan,Australia_NZ,Former Soviet Union,China,Middle East,Africa,Latin America,Southeast Asia,Eastern Europe,Korea,India
Corn,Corn,Corn,1990,NH3_AWB,20,10,10,10,15,10,10,10,10,10,10,10,10,10
FiberCrop,FiberCrop,FiberCrop,1990,NH3_AWB,20,10,10,10,15,10,10,10,10,10,10,10,10,10
FodderCrop,FodderCrop,FodderCrop,1990,NH3_AWB,20,10,10,10,15,10,10,10,10,10,10,10,10,10
MiscCrop,MiscCrop,MiscCrop,1990,NH3_AWB,20,10,10,10,15,10,10,10,10,10,10,10,10,10
OilCrop,OilCrop,OilCrop,1990,NH3_AWB,20,10,10,10,15,10,10,10,10,10,10,10,10,10
OtherGrain,OtherGrain,OtherGrain,1990,NH3_AWB,20,10,10,10,15,10,10,10,10,10,10,10,10,10
Rice,Rice,Rice,1990,NH3_AWB,20,10,10,10,15,10,10,10,10,10,10,10,10,10
SugarCrop,SugarCrop,SugarCrop,1990,NH3_AWB,20,10,10,10,15,10,10,10,10,10,10,10,10,10
Wheat,Wheat,Wheat,1990,NH3_AWB,20,10,10,10,15,10,10,10,10,10,10,10,10,10

INPUT_TABLE,,,,,,,,,,,,,,,,,,
Variable ID,,,,,,,,,,,,,,,,,,
11040,,,,,,,,,,,,,,,,,,
,,,,,gdp-control-range,,,,,,,,,,,,,
FoodSupplySector,FoodSupplySubsector,FoodProductionTechnology,period,generic-ghg,USA,Canada,Western Europe,Japan,Australia_NZ,Former Soviet Union,China,Middle East,Africa,Latin America,Southeast Asia,Eastern Europe,Korea,India
Corn,Corn,Corn,1990,NH3_AWB,15,7.5,7.5,7.5,11.25,7.5,7.5,7.5,7.5,7.5,7.5,7.5,7.5,7.5
FiberCrop,FiberCrop,FiberCrop,1990,NH3_AWB,15,7.5,7.5,7.5,11.25,7.5,7.5,7.5,7.5,7.5,7.5,7.5,7.5,7.5
FodderCrop,FodderCrop,FodderCrop,1990,NH3_AWB,15,7.5,7.5,7.5,11.25,7.5,7.5,7.5,7.5,7.5,7.5,7.5,7.5,7.5
MiscCrop,MiscCrop,MiscCrop,1990,NH3_AWB,15,7.5,7.5,7.5,11.25,7.5,7.5,7.5,7.5,7.5,7.5,7.5,7.5,7.5
OilCrop,OilCrop,OilCrop,1990,NH3_AWB,15,7.5,7.5,7.5,11.25,7.5,7.5,7.5,7.5,7.5,7.5,7.5,7.5,7.5
OtherGrain,OtherGrain,OtherGrain,1990,NH3_AWB,15,7.5,7.5,7.5,11.25,7.5,7.5,7.5,7.5,7.5,7.5,7.5,7.5,7.5
Rice,Rice,Rice,1990,NH3_AWB,15,7.5,7.5,7.5,11.25,7.5,7.5,7.5,7.5,7.5,7.5,7.5,7.5,7.5
SugarCrop,SugarCrop,SugarCrop,1990,NH3_AWB,15,7.5,7.5,7.5,11.25,7.5,7.5,7.5,7.5,7.5,7.5,7.5,7.5,7.5
Wheat,Wheat,Wheat,1990,NH3_AWB,15,7.5,7.5,7.5,11.25,7.5,7.5,7.5,7.5,7.5,7.5,7.5,7.5,7.5

INPUT_TABLE,,,,,,,,,,,,,,,,,,
Variable ID,,,,,,,,,,,,,,,,,,
11050,,,,,,,,,,,,,,,,,,
,,,,,final-emiss-coef,,,,,,,,,,,,,
FoodSupplySector,FoodSupplySubsector,FoodProductionTechnology,period,generic-ghg,USA,Canada,Western Europe,Japan,Australia_NZ,Former Soviet Union,China,Middle East,Africa,Latin America,Southeast Asia,Eastern Europe,Korea,India
Corn,Corn,Corn,1990,NH3_AWB,9.53431E-13,1.61129E-12,1.57789E-12,2.93041E-13,-1,2.61026E-14,2.79048E-14,4.16316E-13,-1,2.24816E-14,1.75443E-13,4.76442E-14,-1,4.13605E-13
FiberCrop,FiberCrop,FiberCrop,1990,NH3_AWB,6.86763E-15,-1,1.13657E-14,-1,-1,1.88019E-16,2.01E-16,2.99875E-15,-1,1.61936E-16,1.26373E-15,3.43184E-16,-1,2.97922E-15
FodderCrop,FodderCrop,FodderCrop,1990,NH3_AWB,4.74811E-12,1.1731E-12,2.33124E-12,1.3966E-13,-1,5.5314E-14,2.17753E-18,7.88382E-13,-1,9.06736E-15,-1,9.31553E-14,-1,-1
MiscCrop,MiscCrop,MiscCrop,1990,NH3_AWB,4.92206E-12,3.29418E-12,8.11246E-12,1.62321E-12,-1,1.25925E-13,1.36066E-13,2.01313E-12,-1,9.63356E-14,6.33594E-13,2.14689E-13,-1,1.48122E-12
OilCrop,OilCrop,OilCrop,1990,NH3_AWB,1.08071E-12,2.26089E-12,2.29741E-12,3.41142E-13,-1,4.04725E-14,3.77016E-14,6.11219E-13,-1,2.76783E-14,3.5881E-13,7.59481E-14,-1,5.95629E-13
OtherGrain,OtherGrain,OtherGrain,1990,NH3_AWB,1.14388E-12,2.04038E-12,2.04805E-12,3.80887E-13,-1,3.51179E-14,3.65098E-14,5.34509E-13,-1,2.67466E-14,2.26971E-13,6.66375E-14,-1,5.24224E-13
Rice,Rice,Rice,1990,NH3_AWB,1.46286E-12,-1,2.42097E-12,4.49616E-13,-1,4.00495E-14,4.28145E-14,6.38758E-13,-1,3.44937E-14,2.69184E-13,7.31008E-14,-1,6.34598E-13
SugarCrop,SugarCrop,SugarCrop,1990,NH3_AWB,1.82565E-12,5.47205E-12,5.35316E-12,7.18865E-13,-1,8.86464E-14,3.952E-14,8.21272E-13,-1,3.01665E-14,2.34918E-13,1.61803E-13,-1,5.53451E-13
Wheat,Wheat,Wheat,1990,NH3_AWB,1.53446E-12,2.59322E-12,2.53947E-12,4.71623E-13,-1,4.20098E-14,4.49102E-14,6.70023E-13,-1,3.6182E-14,2.8236E-13,7.66789E-14,-1,6.65659E-13

BC_AWB,,,,,,,,,,,,,,,,,,
INPUT_TABLE,,,,,,,,,,,,,,,,,,
Variable ID,,,,,,,,,,,,,,,,,,
11001,,,,,,,,,,,,,,,,,,

region,FoodSupplySector,FoodSupplySubsector,FoodProductionTechnology,period,generic-ghg,output-driver,,,,,,,,,,,,
ALL,Corn,Corn,Corn,ALL,BC_AWB,,,,,,,,,,,,,
ALL,FiberCrop,FiberCrop,FiberCrop,ALL,BC_AWB,,,,,,,,,,,,,
ALL,FodderCrop,FodderCrop,FodderCrop,ALL,BC_AWB,,,,,,,,,,,,,
ALL,MiscCrop,MiscCrop,MiscCrop,ALL,BC_AWB,,,,,,,,,,,,,
ALL,OilCrop,OilCrop,OilCrop,ALL,BC_AWB,,,,,,,,,,,,,
ALL,OtherGrain,OtherGrain,OtherGrain,ALL,BC_AWB,,,,,,,,,,,,,
ALL,Rice,Rice,Rice,ALL,BC_AWB,,,,,,,,,,,,,
ALL,SugarCrop,SugarCrop,SugarCrop,ALL,BC_AWB,,,,,,,,,,,,,
ALL,Wheat,Wheat,Wheat,ALL,BC_AWB,,,,,,,,,,,,,

INPUT_TABLE,,,,,,,,,,,,,,,,,,
Variable ID,,,,,,,,,,,,,,,,,,
11015,,,,,,,,,,,,,,,,,,
,,,,,uncontrolled-emiss-coef,,,,,,,,,,,,,
FoodSupplySector,FoodSupplySubsector,FoodProductionTechnology,period,generic-ghg,USA,Canada,Western Europe,Japan,Australia_NZ,Former Soviet Union,China,Middle East,Africa,Latin America,Southeast Asia,Eastern Europe,Korea,India
Corn,Corn,Corn,1990,BC_AWB,2.27026E-12,8.06003E-11,8.15495E-12,2.27164E-11,9.85492E-11,9.09686E-12,1.75587E-11,7.88769E-12,2.31626E-11,1.04372E-11,1.57371E-11,5.33503E-12,3.77406E-11,2.46373E-11
FiberCrop,FiberCrop,FiberCrop,1990,BC_AWB,1.63528E-14,0,5.87407E-14,0,7.09856E-13,6.55253E-14,1.26476E-13,5.68156E-14,1.66842E-13,7.518E-14,1.13356E-13,3.84286E-14,2.71848E-13,1.77464E-13
FodderCrop,FodderCrop,FodderCrop,1990,BC_AWB,1.1306E-11,5.86809E-11,1.20484E-11,1.08264E-11,6.47177E-11,1.92771E-11,1.37018E-15,1.4937E-11,2.42334E-11,4.20958E-12,0,1.04312E-11,0,0
MiscCrop,MiscCrop,MiscCrop,1990,BC_AWB,1.17201E-11,1.64782E-10,4.19273E-11,1.25831E-10,3.07258E-10,4.38854E-11,8.56174E-11,3.81416E-11,7.28882E-11,4.47245E-11,5.68329E-11,2.40401E-11,2.18716E-10,8.82319E-11
OilCrop,OilCrop,OilCrop,1990,BC_AWB,2.57333E-12,1.13095E-10,1.18736E-11,2.64452E-11,1.184E-10,1.41048E-11,2.37232E-11,1.15804E-11,4.40398E-11,1.28498E-11,3.2185E-11,8.50441E-12,4.52252E-11,3.54799E-11
OtherGrain,OtherGrain,OtherGrain,1990,BC_AWB,2.72375E-12,1.02064E-10,1.05848E-11,2.95261E-11,1.22311E-10,1.22387E-11,2.29732E-11,1.0127E-11,2.95496E-11,1.24173E-11,2.03592E-11,7.46184E-12,4.8918E-11,3.12265E-11
Rice,Rice,Rice,1990,BC_AWB,3.48328E-12,0,1.25122E-11,3.48539E-11,1.51205E-10,1.39574E-11,2.69404E-11,1.21021E-11,3.55386E-11,1.60139E-11,2.41456E-11,8.18558E-12,5.79057E-11,3.78012E-11
SugarCrop,SugarCrop,SugarCrop,1990,BC_AWB,4.34714E-12,2.73724E-10,2.76665E-11,5.5726E-11,1.3187E-10,3.08936E-11,2.48674E-11,1.55601E-11,3.22887E-11,1.4005E-11,2.1072E-11,1.81181E-11,0,3.29675E-11
Wheat,Wheat,Wheat,1990,BC_AWB,3.65377E-12,1.29719E-10,1.31246E-11,3.65599E-11,1.58606E-10,1.46406E-11,2.82591E-11,1.26945E-11,3.72781E-11,1.67978E-11,2.53274E-11,8.58624E-12,6.074E-11,3.96514E-11

INPUT_TABLE,,,,,,,,,,,,,,,,,,
Variable ID,,,,,,,,,,,,,,,,,,
11030,,,,,,,,,,,,,,,,,,
,,,,,gdp-mid-control,,,,,,,,,,,,,
FoodSupplySector,FoodSupplySubsector,FoodProductionTechnology,period,generic-ghg,USA,Canada,Western Europe,Japan,Australia_NZ,Former Soviet Union,China,Middle East,Africa,Latin America,Southeast Asia,Eastern Europe,Korea,India
Corn,Corn,Corn,1990,BC_AWB,20,10,10,10,15,10,10,10,10,10,10,10,10,10
FiberCrop,FiberCrop,FiberCrop,1990,BC_AWB,20,10,10,10,15,10,10,10,10,10,10,10,10,10
FodderCrop,FodderCrop,FodderCrop,1990,BC_AWB,20,10,10,10,15,10,10,10,10,10,10,10,10,10
MiscCrop,MiscCrop,MiscCrop,1990,BC_AWB,20,10,10,10,15,10,10,10,10,10,10,10,10,10
OilCrop,OilCrop,OilCrop,1990,BC_AWB,20,10,10,10,15,10,10,10,10,10,10,10,10,10
OtherGrain,OtherGrain,OtherGrain,1990,BC_AWB,20,10,10,10,15,10,10,10,10,10,10,10,10,10
Rice,Rice,Rice,1990,BC_AWB,20,10,10,10,15,10,10,10,10,10,10,10,10,10
SugarCrop,SugarCrop,SugarCrop,1990,BC_AWB,20,10,10,10,15,10,10,10,10,10,10,10,10,10
Wheat,Wheat,Wheat,1990,BC_AWB,20,10,10,10,15,10,10,10,10,10,10,10,10,10

INPUT_TABLE,,,,,,,,,,,,,,,,,,
Variable ID,,,,,,,,,,,,,,,,,,
11040,,,,,,,,,,,,,,,,,,
,,,,,gdp-control-range,,,,,,,,,,,,,
FoodSupplySector,FoodSupplySubsector,FoodProductionTechnology,period,generic-ghg,USA,Canada,Western Europe,Japan,Australia_NZ,Former Soviet Union,China,Middle East,Africa,Latin America,Southeast Asia,Eastern Europe,Korea,India
Corn,Corn,Corn,1990,BC_AWB,15,7.5,7.5,7.5,11.25,7.5,7.5,7.5,7.5,7.5,7.5,7.5,7.5,7.5
FiberCrop,FiberCrop,FiberCrop,1990,BC_AWB,15,7.5,7.5,7.5,11.25,7.5,7.5,7.5,7.5,7.5,7.5,7.5,7.5,7.5
FodderCrop,FodderCrop,FodderCrop,1990,BC_AWB,15,7.5,7.5,7.5,11.25,7.5,7.5,7.5,7.5,7.5,7.5,7.5,7.5,7.5
MiscCrop,MiscCrop,MiscCrop,1990,BC_AWB,15,7.5,7.5,7.5,11.25,7.5,7.5,7.5,7.5,7.5,7.5,7.5,7.5,7.5
OilCrop,OilCrop,OilCrop,1990,BC_AWB,15,7.5,7.5,7.5,11.25,7.5,7.5,7.5,7.5,7.5,7.5,7.5,7.5,7.5
OtherGrain,OtherGrain,OtherGrain,1990,BC_AWB,15,7.5,7.5,7.5,11.25,7.5,7.5,7.5,7.5,7.5,7.5,7.5,7.5,7.5
Rice,Rice,Rice,1990,BC_AWB,15,7.5,7.5,7.5,11.25,7.5,7.5,7.5,7.5,7.5,7.5,7.5,7.5,7.5
SugarCrop,SugarCrop,SugarCrop,1990,BC_AWB,15,7.5,7.5,7.5,11.25,7.5,7.5,7.5,7.5,7.5,7.5,7.5,7.5,7.5
Wheat,Wheat,Wheat,1990,BC_AWB,15,7.5,7.5,7.5,11.25,7.5,7.5,7.5,7.5,7.5,7.5,7.5,7.5,7.5

INPUT_TABLE,,,,,,,,,,,,,,,,,,
Variable ID,,,,,,,,,,,,,,,,,,
11050,,,,,,,,,,,,,,,,,,
,,,,,final-emiss-coef,,,,,,,,,,,,,
FoodSupplySector,FoodSupplySubsector,FoodProductionTechnology,period,generic-ghg,USA,Canada,Western Europe,Japan,Australia_NZ,Former Soviet Union,China,Middle East,Africa,Latin America,Southeast Asia,Eastern Europe,Korea,India
Corn,Corn,Corn,1990,BC_AWB,9.08103E-13,3.22401E-11,3.26198E-12,9.08655E-12,3.94197E-11,3.63875E-12,7.02347E-12,3.15508E-12,9.26504E-12,4.17489E-12,6.29485E-12,2.13401E-12,1.50962E-11,9.85491E-12
FiberCrop,FiberCrop,FiberCrop,1990,BC_AWB,6.54113E-15,-1,2.34963E-14,-1,2.83942E-13,2.62101E-14,5.05905E-14,2.27262E-14,6.67367E-14,3.0072E-14,4.53422E-14,1.53714E-14,1.08739E-13,7.09856E-14
FodderCrop,FodderCrop,FodderCrop,1990,BC_AWB,4.52238E-12,2.34724E-11,4.81937E-12,4.33054E-12,2.58871E-11,7.71086E-12,5.48072E-16,5.97479E-12,9.69337E-12,1.68383E-12,-1,4.17248E-12,-1,-1
MiscCrop,MiscCrop,MiscCrop,1990,BC_AWB,4.68805E-12,6.59128E-11,1.67709E-11,5.03322E-11,1.22903E-10,1.75542E-11,3.42469E-11,1.52567E-11,2.91553E-11,1.78898E-11,2.27332E-11,9.61603E-12,8.74863E-11,3.52928E-11
OilCrop,OilCrop,OilCrop,1990,BC_AWB,1.02933E-12,4.52379E-11,4.74945E-12,1.05781E-11,4.736E-11,5.64193E-12,9.48928E-12,4.63215E-12,1.76159E-11,5.13993E-12,1.2874E-11,3.40176E-12,1.80901E-11,1.4192E-11
OtherGrain,OtherGrain,OtherGrain,1990,BC_AWB,1.0895E-12,4.08258E-11,4.23394E-12,1.18105E-11,4.89243E-11,4.89549E-12,9.1893E-12,4.0508E-12,1.18199E-11,4.96691E-12,8.14366E-12,2.98473E-12,1.95672E-11,1.24906E-11
Rice,Rice,Rice,1990,BC_AWB,1.39331E-12,-1,5.00489E-12,1.39416E-11,6.04819E-11,5.58296E-12,1.07762E-11,4.84086E-12,1.42154E-11,6.40557E-12,9.65824E-12,3.27423E-12,2.31623E-11,1.51205E-11
SugarCrop,SugarCrop,SugarCrop,1990,BC_AWB,1.73886E-12,1.0949E-10,1.10666E-11,2.22904E-11,5.2748E-11,1.23574E-11,9.94695E-12,6.22405E-12,1.29155E-11,5.602E-12,8.4288E-12,7.24725E-12,-1,1.3187E-11
Wheat,Wheat,Wheat,1990,BC_AWB,1.46151E-12,5.18875E-11,5.24986E-12,1.4624E-11,6.34423E-11,5.85623E-12,1.13036E-11,5.0778E-12,1.49112E-11,6.7191E-12,1.0131E-11,3.43449E-12,2.4296E-11,1.58606E-11

OC_AWB,,,,,,,,,,,,,,,,,,
INPUT_TABLE,,,,,,
Variable ID,,,,,,
11001,,,,,,

region,FoodSupplySector,FoodSupplySubsector,FoodProductionTechnology,period,generic-ghg,output-driver
ALL,Corn,Corn,Corn,ALL,OC_AWB,
ALL,FiberCrop,FiberCrop,FiberCrop,ALL,OC_AWB,
ALL,FodderCrop,FodderCrop,FodderCrop,ALL,OC_AWB,
ALL,MiscCrop,MiscCrop,MiscCrop,ALL,OC_AWB,
ALL,OilCrop,OilCrop,OilCrop,ALL,OC_AWB,
ALL,OtherGrain,OtherGrain,OtherGrain,ALL,OC_AWB,
ALL,Rice,Rice,Rice,ALL,OC_AWB,
ALL,SugarCrop,SugarCrop,SugarCrop,ALL,OC_AWB,
ALL,Wheat,Wheat,Wheat,ALL,OC_AWB,

INPUT_TABLE,,,,,,
Variable ID,,,,,,,,,,,,,,,,,,
11015,,,,,,,,,,,,,,,,,,
,,,,,uncontrolled-emiss-coef,,,,,,,,,,,,,
FoodSupplySector,FoodSupplySubsector,FoodProductionTechnology,period,generic-ghg,USA,Canada,Western Europe,Japan,Australia_NZ,Former Soviet Union,China,Middle East,Africa,Latin America,Southeast Asia,Eastern Europe,Korea,India
Corn,Corn,Corn,1990,OC_AWB,1.08627E-11,3.85434E-10,3.90175E-11,1.08435E-10,4.71322E-10,4.35055E-11,8.39748E-11,3.77096E-11,1.10802E-10,4.99193E-11,7.52527E-11,2.54923E-11,1.81282E-10,1.1783E-10
FiberCrop,FiberCrop,FiberCrop,1990,OC_AWB,7.82444E-14,0,2.81046E-13,0,3.39496E-12,3.13373E-13,6.04876E-13,2.71625E-13,7.98111E-13,3.59572E-13,5.4205E-13,1.83623E-13,1.30579E-12,8.48734E-13
FodderCrop,FodderCrop,FodderCrop,1990,OC_AWB,5.40964E-11,2.80615E-10,5.76459E-11,5.16789E-11,3.09519E-10,9.21925E-11,6.55292E-15,7.14111E-11,1.15924E-10,2.01336E-11,0,4.98434E-11,0,0
MiscCrop,MiscCrop,MiscCrop,1990,OC_AWB,5.60781E-11,7.87995E-10,2.00602E-10,6.00644E-10,1.4695E-09,2.09881E-10,4.09467E-10,1.82348E-10,3.48671E-10,2.13909E-10,2.71767E-10,1.1487E-10,1.05057E-09,4.21975E-10
OilCrop,OilCrop,OilCrop,1990,OC_AWB,1.23128E-11,5.40824E-10,5.68095E-11,1.26234E-10,5.66261E-10,6.7456E-11,1.13457E-10,5.53638E-11,2.1067E-10,6.14584E-11,1.53904E-10,4.06365E-11,2.17234E-10,1.69685E-10
OtherGrain,OtherGrain,OtherGrain,1990,OC_AWB,1.30325E-11,4.88076E-10,5.06434E-11,1.40941E-10,5.84964E-10,5.85314E-11,1.0987E-10,4.84154E-11,1.41355E-10,5.93895E-11,9.73546E-11,3.56548E-11,2.34971E-10,1.49343E-10
Rice,Rice,Rice,1990,OC_AWB,1.66667E-11,0,5.98649E-11,1.66373E-10,7.23153E-10,6.67509E-11,1.28843E-10,5.78582E-11,1.70004E-10,7.65916E-11,1.15461E-10,3.91131E-11,2.78143E-10,1.80787E-10
SugarCrop,SugarCrop,SugarCrop,1990,OC_AWB,2.08001E-11,1.30896E-09,1.32371E-10,2.66004E-10,6.30683E-10,1.47748E-10,1.18929E-10,7.43902E-11,1.54458E-10,6.69833E-11,1.00763E-10,8.65737E-11,0,1.57669E-10
Wheat,Wheat,Wheat,1990,OC_AWB,1.74824E-11,6.2032E-10,6.27951E-11,1.74516E-10,7.5855E-10,7.00182E-11,1.3515E-10,6.06902E-11,1.78325E-10,8.03405E-11,1.21112E-10,4.10275E-11,2.91757E-10,1.89636E-10

INPUT_TABLE,,,,,,,,,,,,,,,,,,
Variable ID,,,,,,,,,,,,,,,,,,
11030,,,,,,,,,,,,,,,,,,
,,,,,gdp-mid-control,,,,,,,,,,,,,
FoodSupplySector,FoodSupplySubsector,FoodProductionTechnology,period,generic-ghg,USA,Canada,Western Europe,Japan,Australia_NZ,Former Soviet Union,China,Middle East,Africa,Latin America,Southeast Asia,Eastern Europe,Korea,India
Corn,Corn,Corn,1990,OC_AWB,20,10,10,10,15,10,10,10,10,10,10,10,10,10
FiberCrop,FiberCrop,FiberCrop,1990,OC_AWB,20,10,10,10,15,10,10,10,10,10,10,10,10,10
FodderCrop,FodderCrop,FodderCrop,1990,OC_AWB,20,10,10,10,15,10,10,10,10,10,10,10,10,10
MiscCrop,MiscCrop,MiscCrop,1990,OC_AWB,20,10,10,10,15,10,10,10,10,10,10,10,10,10
OilCrop,OilCrop,OilCrop,1990,OC_AWB,20,10,10,10,15,10,10,10,10,10,10,10,10,10
OtherGrain,OtherGrain,OtherGrain,1990,OC_AWB,20,10,10,10,15,10,10,10,10,10,10,10,10,10
Rice,Rice,Rice,1990,OC_AWB,20,10,10,10,15,10,10,10,10,10,10,10,10,10
SugarCrop,SugarCrop,SugarCrop,1990,OC_AWB,20,10,10,10,15,10,10,10,10,10,10,10,10,10
Wheat,Wheat,Wheat,1990,OC_AWB,20,10,10,10,15,10,10,10,10,10,10,10,10,10

INPUT_TABLE,,,,,,,,,,,,,,,,,,
Variable ID,,,,,,,,,,,,,,,,,,
11040,,,,,,,,,,,,,,,,,,
,,,,,gdp-control-range,,,,,,,,,,,,,
FoodSupplySector,FoodSupplySubsector,FoodProductionTechnology,period,generic-ghg,USA,Canada,Western Europe,Japan,Australia_NZ,Former Soviet Union,China,Middle East,Africa,Latin America,Southeast Asia,Eastern Europe,Korea,India
Corn,Corn,Corn,1990,OC_AWB,15,7.5,7.5,7.5,11.25,7.5,7.5,7.5,7.5,7.5,7.5,7.5,7.5,7.5
FiberCrop,FiberCrop,FiberCrop,1990,OC_AWB,15,7.5,7.5,7.5,11.25,7.5,7.5,7.5,7.5,7.5,7.5,7.5,7.5,7.5
FodderCrop,FodderCrop,FodderCrop,1990,OC_AWB,15,7.5,7.5,7.5,11.25,7.5,7.5,7.5,7.5,7.5,7.5,7.5,7.5,7.5
MiscCrop,MiscCrop,MiscCrop,1990,OC_AWB,15,7.5,7.5,7.5,11.25,7.5,7.5,7.5,7.5,7.5,7.5,7.5,7.5,7.5
OilCrop,OilCrop,OilCrop,1990,OC_AWB,15,7.5,7.5,7.5,11.25,7.5,7.5,7.5,7.5,7.5,7.5,7.5,7.5,7.5
OtherGrain,OtherGrain,OtherGrain,1990,OC_AWB,15,7.5,7.5,7.5,11.25,7.5,7.5,7.5,7.5,7.5,7.5,7.5,7.5,7.5
Rice,Rice,Rice,1990,OC_AWB,15,7.5,7.5,7.5,11.25,7.5,7.5,7.5,7.5,7.5,7.5,7.5,7.5,7.5
SugarCrop,SugarCrop,SugarCrop,1990,OC_AWB,15,7.5,7.5,7.5,11.25,7.5,7.5,7.5,7.5,7.5,7.5,7.5,7.5,7.5
Wheat,Wheat,Wheat,1990,OC_AWB,15,7.5,7.5,7.5,11.25,7.5,7.5,7.5,7.5,7.5,7.5,7.5,7.5,7.5

INPUT_TABLE,,,,,,,,,,,,,,,,,,
Variable ID,,,,,,,,,,,,,,,,,,
11050,,,,,,,,,,,,,,,,,,
,,,,,final-emiss-coef,,,,,,,,,,,,,
FoodSupplySector,FoodSupplySubsector,FoodProductionTechnology,period,generic-ghg,USA,Canada,Western Europe,Japan,Australia_NZ,Former Soviet Union,China,Middle East,Africa,Latin America,Southeast Asia,Eastern Europe,Korea,India
Corn,Corn,Corn,1990,OC_AWB,3.63241E-13,1.2896E-11,1.30479E-12,3.63462E-12,1.57679E-11,1.4555E-12,2.80939E-12,1.26203E-12,3.70602E-12,1.66996E-12,2.51794E-12,8.53604E-13,6.0385E-12,3.94197E-12
FiberCrop,FiberCrop,FiberCrop,1990,OC_AWB,2.61645E-15,-1,9.39851E-15,-1,1.13577E-13,1.04841E-14,2.02362E-14,9.09049E-15,2.66947E-14,1.20288E-14,1.81369E-14,6.14857E-15,4.34957E-14,2.83942E-14
FodderCrop,FodderCrop,FodderCrop,1990,OC_AWB,1.80895E-12,9.38895E-12,1.92775E-12,1.73222E-12,1.03548E-11,3.08434E-12,2.19229E-16,2.38992E-12,3.87735E-12,6.73533E-13,-1,1.66899E-12,-1,-1
MiscCrop,MiscCrop,MiscCrop,1990,OC_AWB,1.87522E-12,2.63651E-11,6.70837E-12,2.01329E-11,4.91613E-11,7.02167E-12,1.36988E-11,6.10266E-12,1.16621E-11,7.15592E-12,9.09326E-12,3.84641E-12,3.49945E-11,1.41171E-11
OilCrop,OilCrop,OilCrop,1990,OC_AWB,4.11733E-13,1.80952E-11,1.89978E-12,4.23122E-12,1.8944E-11,2.25677E-12,3.79571E-12,1.85286E-12,7.04637E-12,2.05597E-12,5.14959E-12,1.3607E-12,7.23604E-12,5.67679E-12
OtherGrain,OtherGrain,OtherGrain,1990,OC_AWB,4.358E-13,1.63303E-11,1.69358E-12,4.72418E-12,1.95697E-11,1.9582E-12,3.67572E-12,1.62032E-12,4.72794E-12,1.98676E-12,3.25746E-12,1.19389E-12,7.82688E-12,4.99625E-12
Rice,Rice,Rice,1990,OC_AWB,5.57324E-13,-1,2.00195E-12,5.57663E-12,2.41928E-11,2.23318E-12,4.31047E-12,1.93634E-12,5.68617E-12,2.56223E-12,3.8633E-12,1.30969E-12,9.26492E-12,6.04819E-12
SugarCrop,SugarCrop,SugarCrop,1990,OC_AWB,6.95543E-13,4.37959E-11,4.42664E-12,8.91616E-12,2.10992E-11,4.94298E-12,3.97878E-12,2.48962E-12,5.16619E-12,2.2408E-12,3.37152E-12,2.8989E-12,-1,5.2748E-12
Wheat,Wheat,Wheat,1990,OC_AWB,5.84603E-13,2.0755E-11,2.09994E-12,5.84959E-12,2.53769E-11,2.34249E-12,4.52145E-12,2.03112E-12,5.96449E-12,2.68764E-12,4.05239E-12,1.3738E-12,9.71841E-12,6.34423E-12
