Input drivers,,,,,,,,,,,,,,,,,,
INPUT_TABLE,,,,,,,,,,,,,,,,,,
Variable ID,,,,,,,,,,,,,,,,,,
10000,,,,,,,,,,,,,,,,,,
,,,,,,,,,,,,,,,,,,
region,supplysector,subsector,technology,period,generic-ghg,input-driver,,,,,,,,,,,,
ALL,regional coal,regional coal,regional coal,ALL,BC,,,,,,,,,,,,,
ALL,regional crude oil,regional crude oil,regional crude oil,ALL,BC,,,,,,,,,,,,,
ALL,refined liquids industrial,unconventional oil refining,unconventional oil refining,ALL,BC,,,,,,,,,,,,,
ALL,refined liquids industrial,coal to liquids,coal to liquids,ALL,BC,,,,,,,,,,,,,
ALL,refined liquids industrial,gas to liquids,gas to liquids,ALL,BC,,,,,,,,,,,,,
ALL,refined liquids enduse,unconventional oil refining,unconventional oil refining,ALL,BC,,,,,,,,,,,,,
ALL,refined liquids enduse,coal to liquids,coal to liquids,ALL,BC,,,,,,,,,,,,,
ALL,refined liquids enduse,gas to liquids,gas to liquids,ALL,BC,,,,,,,,,,,,,
ALL,electricity,coal,Coal (existing),ALL,BC,,,,,,,,,,,,,
ALL,electricity,coal,Coal (conv pul),ALL,BC,,,,,,,,,,,,,
ALL,electricity,coal,Coal (IGCC),ALL,BC,,,,,,,,,,,,,
ALL,electricity,coal,Coal (IGCC)_CCS,ALL,BC,,,,,,,,,,,,,
ALL,electricity,gas,Gas (existing),ALL,BC,,,,,,,,,,,,,
ALL,electricity,gas,Gas (peak load conv),ALL,BC,,,,,,,,,,,,,
ALL,electricity,gas,Gas (CC),ALL,BC,,,,,,,,,,,,,
ALL,electricity,gas,Gas (CC)_CCS,ALL,BC,,,,,,,,,,,,,
ALL,electricity,oil,Oil (existing),ALL,BC,,,,,,,,,,,,,
ALL,electricity,oil,Oil (peak load conv),ALL,BC,,,,,,,,,,,,,
ALL,electricity,oil,Oil (IGCC),ALL,BC,,,,,,,,,,,,,
ALL,electricity,oil,Oil (IGCC)_CCS,ALL,BC,,,,,,,,,,,,,
ALL,electricity,biomass,Biomass (existing),ALL,BC,,,,,,,,,,,,,
ALL,electricity,biomass,Biomass (conv),ALL,BC,,,,,,,,,,,,,
ALL,electricity,biomass,Biomass (IGCC),ALL,BC,,,,,,,,,,,,,
ALL,electricity,biomass,Biomass (IGCC)_CCS,ALL,BC,,,,,,,,,,,,,
ALL,H2 Central Production,coal chemical,coal chemical,ALL,BC,,,,,,,,,,,,,
ALL,H2 Central Production,coal chemical,coal chemical CCS,ALL,BC,,,,,,,,,,,,,
ALL,H2 Central Production,biomass to H2,biomass to H2,ALL,BC,,,,,,,,,,,,,
ALL,H2 Central Production,biomass to H2,biomass to H2 CCS,ALL,BC,,,,,,,,,,,,,
ALL,building,gas,gas,ALL,BC,,,,,,,,,,,,,
ALL,building,coal,coal,ALL,BC,,,,,,,,,,,,,
ALL,building,biomass,biomass,ALL,BC,,,,,,,,,,,,,
ALL,building,refined liquids,refined liquids,ALL,BC,,,,,,,,,,,,,
ALL,building,trad biomass,trad biomass,ALL,BC,,,,,,,,,,,,,
ALL,industrial energy use,biomass,biomass,ALL,BC,,,,,,,,,,,,,
ALL,industrial energy use,gas,gas,ALL,BC,,,,,,,,,,,,,
ALL,industrial energy use,coal,coal,ALL,BC,,,,,,,,,,,,,
ALL,industrial energy use,refined liquids,refined liquids,ALL,BC,,,,,,,,,,,,,
ALL,industrial energy use,biomass,biomass cogen,ALL,BC,,,,,,,,,,,,,
ALL,industrial energy use,gas,gas cogen,ALL,BC,,,,,,,,,,,,,
ALL,industrial energy use,coal,coal cogen,ALL,BC,,,,,,,,,,,,,
ALL,industrial energy use,refined liquids,refined liquids cogen,ALL,BC,,,,,,,,,,,,,
ALL,process heat cement,biomass,biomass,ALL,BC,,,,,,,,,,,,,
ALL,process heat cement,gas,gas,ALL,BC,,,,,,,,,,,,,
ALL,process heat cement,coal,coal,ALL,BC,,,,,,,,,,,,,
ALL,process heat cement,refined liquids,refined liquids,ALL,BC,,,,,,,,,,,,,
,,,,,,,,,,,,,,,,,,
Output drivers,,,,,,,,,,,,,,,,,,
INPUT_TABLE,,,,,,,,,,,,,,,,,,
Variable ID,,,,,,,,,,,,,,,,,,
10001,,,,,,,,,,,,,,,,,,
,,,,,,,,,,,,,,,,,,
region,supplysector,subsector,technology,period,generic-ghg,output-driver,,,,,,,,,,,,
ALL,urban processes,landfills,landfills,ALL,BC,,,,,,,,,,,,,
,,,,,,,,,,,,,,,,,,
Emissions unit,,,,,,,,,,,,,,,,,,
Default value. Table not read in,,,,,,,,,,,,,,,,,,
Variable ID,,,,,,,,,,,,,,,,,,
10005,,,,,,,,,,,,,,,,,,
,,,,,emissions-unit,,,,,,,,,,,,,
region,supplysector,subsector,technology,generic-ghg,1975,1990,2005,2020,2035,2050,2065,2080,2095,,,,,
ALL,regional coal,regional coal,regional coal,BC,Tg,Tg,Tg,Tg,Tg,Tg,Tg,Tg,Tg,,,,,
ALL,regional crude oil,regional crude oil,regional crude oil,BC,Tg,Tg,Tg,Tg,Tg,Tg,Tg,Tg,Tg,,,,,
ALL,refined liquids industrial,unconventional oil refining,unconventional oil refining,BC,Tg,Tg,Tg,Tg,Tg,Tg,Tg,Tg,Tg,,,,,
ALL,refined liquids industrial,coal to liquids,coal to liquids,BC,Tg,Tg,Tg,Tg,Tg,Tg,Tg,Tg,Tg,,,,,
ALL,refined liquids industrial,gas to liquids,gas to liquids,BC,Tg,Tg,Tg,Tg,Tg,Tg,Tg,Tg,Tg,,,,,
ALL,refined liquids enduse,unconventional oil refining,unconventional oil refining,BC,Tg,Tg,Tg,Tg,Tg,Tg,Tg,Tg,Tg,,,,,
ALL,refined liquids enduse,coal to liquids,coal to liquids,BC,Tg,Tg,Tg,Tg,Tg,Tg,Tg,Tg,Tg,,,,,
ALL,refined liquids enduse,gas to liquids,gas to liquids,BC,Tg,Tg,Tg,Tg,Tg,Tg,Tg,Tg,Tg,,,,,
ALL,electricity,coal,Coal (existing),BC,Tg,Tg,Tg,Tg,Tg,Tg,Tg,Tg,Tg,,,,,
ALL,electricity,coal,Coal (conv pul),BC,Tg,Tg,Tg,Tg,Tg,Tg,Tg,Tg,Tg,,,,,
ALL,electricity,coal,Coal (IGCC),BC,Tg,Tg,Tg,Tg,Tg,Tg,Tg,Tg,Tg,,,,,
ALL,electricity,coal,Coal (IGCC)_CCS,BC,Tg,Tg,Tg,Tg,Tg,Tg,Tg,Tg,Tg,,,,,
ALL,electricity,gas,Gas (existing),BC,Tg,Tg,Tg,Tg,Tg,Tg,Tg,Tg,Tg,,,,,
ALL,electricity,gas,Gas (peak load conv),BC,Tg,Tg,Tg,Tg,Tg,Tg,Tg,Tg,Tg,,,,,
ALL,electricity,gas,Gas (CC),BC,Tg,Tg,Tg,Tg,Tg,Tg,Tg,Tg,Tg,,,,,
ALL,electricity,gas,Gas (CC)_CCS,BC,Tg,Tg,Tg,Tg,Tg,Tg,Tg,Tg,Tg,,,,,
ALL,electricity,oil,Oil (existing),BC,Tg,Tg,Tg,Tg,Tg,Tg,Tg,Tg,Tg,,,,,
ALL,electricity,oil,Oil (peak load conv),BC,Tg,Tg,Tg,Tg,Tg,Tg,Tg,Tg,Tg,,,,,
ALL,electricity,oil,Oil (IGCC),BC,Tg,Tg,Tg,Tg,Tg,Tg,Tg,Tg,Tg,,,,,
ALL,electricity,oil,Oil (IGCC)_CCS,BC,Tg,Tg,Tg,Tg,Tg,Tg,Tg,Tg,Tg,,,,,
ALL,electricity,biomass,Biomass (existing),BC,Tg,Tg,Tg,Tg,Tg,Tg,Tg,Tg,Tg,,,,,
ALL,electricity,biomass,Biomass (conv),BC,Tg,Tg,Tg,Tg,Tg,Tg,Tg,Tg,Tg,,,,,
ALL,electricity,biomass,Biomass (IGCC),BC,Tg,Tg,Tg,Tg,Tg,Tg,Tg,Tg,Tg,,,,,
ALL,electricity,biomass,Biomass (IGCC)_CCS,BC,Tg,Tg,Tg,Tg,Tg,Tg,Tg,Tg,Tg,,,,,
ALL,H2 Central Production,coal chemical,coal chemical,BC,Tg,Tg,Tg,Tg,Tg,Tg,Tg,Tg,Tg,,,,,
ALL,H2 Central Production,coal chemical,coal chemical CCS,BC,Tg,Tg,Tg,Tg,Tg,Tg,Tg,Tg,Tg,,,,,
ALL,H2 Central Production,biomass to H2,biomass to H2,BC,Tg,Tg,Tg,Tg,Tg,Tg,Tg,Tg,Tg,,,,,
ALL,H2 Central Production,biomass to H2,biomass to H2 CCS,BC,Tg,Tg,Tg,Tg,Tg,Tg,Tg,Tg,Tg,,,,,
ALL,building,gas,gas,BC,Tg,Tg,Tg,Tg,Tg,Tg,Tg,Tg,Tg,,,,,
ALL,building,coal,coal,BC,Tg,Tg,Tg,Tg,Tg,Tg,Tg,Tg,Tg,,,,,
ALL,building,biomass,biomass,BC,Tg,Tg,Tg,Tg,Tg,Tg,Tg,Tg,Tg,,,,,
ALL,building,refined liquids,refined liquids,BC,Tg,Tg,Tg,Tg,Tg,Tg,Tg,Tg,Tg,,,,,
ALL,building,trad biomass,trad biomass,BC,Tg,Tg,Tg,Tg,Tg,Tg,Tg,Tg,Tg,,,,,
ALL,industrial energy use,biomass,biomass,BC,Tg,Tg,Tg,Tg,Tg,Tg,Tg,Tg,Tg,,,,,
ALL,industrial energy use,gas,gas,BC,Tg,Tg,Tg,Tg,Tg,Tg,Tg,Tg,Tg,,,,,
ALL,industrial energy use,coal,coal,BC,Tg,Tg,Tg,Tg,Tg,Tg,Tg,Tg,Tg,,,,,
ALL,industrial energy use,refined liquids,refined liquids,BC,Tg,Tg,Tg,Tg,Tg,Tg,Tg,Tg,Tg,,,,,
ALL,industrial energy use,biomass,biomass cogen,BC,Tg,Tg,Tg,Tg,Tg,Tg,Tg,Tg,Tg,,,,,
ALL,industrial energy use,gas,gas cogen,BC,Tg,Tg,Tg,Tg,Tg,Tg,Tg,Tg,Tg,,,,,
ALL,industrial energy use,coal,coal cogen,BC,Tg,Tg,Tg,Tg,Tg,Tg,Tg,Tg,Tg,,,,,
ALL,industrial energy use,refined liquids,refined liquids cogen,BC,Tg,Tg,Tg,Tg,Tg,Tg,Tg,Tg,Tg,,,,,
ALL,process heat cement,biomass,biomass,BC,Tg,Tg,Tg,Tg,Tg,Tg,Tg,Tg,Tg,,,,,
ALL,process heat cement,gas,gas,BC,Tg,Tg,Tg,Tg,Tg,Tg,Tg,Tg,Tg,,,,,
ALL,process heat cement,coal,coal,BC,Tg,Tg,Tg,Tg,Tg,Tg,Tg,Tg,Tg,,,,,
ALL,process heat cement,refined liquids,refined liquids,BC,Tg,Tg,Tg,Tg,Tg,Tg,Tg,Tg,Tg,,,,,
ALL,urban processes,landfills,landfills,BC,Tg,Tg,Tg,Tg,Tg,Tg,Tg,Tg,Tg,,,,,
,,,,,,,,,,,,,,,,,,
Uncontrolled emissions coefficient,,,,,,,,,,,,,,,,,,
INPUT_TABLE,,,,,,,,,,,,,,,,,,
Variable ID,,,,,,,,,,,,,,,,,,
10015,,,,,,,,,,,,,,,,,,
,,,,,uncontrolled-emiss-coef,,,,,,,,,,,,,
supplysector,subsector,technology,period,generic-ghg,USA,Canada,Western Europe,Japan,Australia_NZ,Former Soviet Union,China,Middle East,Africa,Latin America,Southeast Asia,Eastern Europe,Korea,India
regional coal,regional coal,regional coal,1990,BC,0.000105619,0.000184953,0.00073389,0.000422901,0.000101208,0.000771583,0.000398317,0.00438938,0.00044772,0.002950099,0.000534443,0.000573491,0.001813601,0.000567468
regional crude oil,regional crude oil,regional crude oil,1990,BC,2.08026E-06,4.28379E-06,3.84326E-05,1.60322E-06,5.40631E-07,2.68718E-06,4.70092E-06,4.03209E-05,4.02444E-06,0.000131841,2.52502E-05,6.09793E-06,1.23664E-05,5.98714E-06
refined liquids industrial,unconventional oil refining,unconventional oil refining,1990,BC,0,0,0,0,0,0,0,0,0,0,0,0,0,0
refined liquids industrial,coal to liquids,coal to liquids,1990,BC,0,0,0,0,0,0,0,0,0,0,0,0,0,0
refined liquids industrial,gas to liquids,gas to liquids,1990,BC,0,0,0,0,0,0,0,0,0,0,0,0,0,0
refined liquids enduse,unconventional oil refining,unconventional oil refining,1990,BC,0,0,0,0,0,0,0,0,0,0,0,0,0,0
refined liquids enduse,coal to liquids,coal to liquids,1990,BC,0,0,0,0,0,0,0,0,0,0,0,0,0,0
refined liquids enduse,gas to liquids,gas to liquids,1990,BC,0,0,0,0,0,0,0,0,0,0,0,0,0,0
electricity,coal,Coal (existing),1990,BC,1.33356E-05,9.28889E-06,3.08954E-05,2.46039E-06,5.93711E-06,5.55008E-05,0.000103068,6.4361E-05,8.26021E-05,4.83008E-05,9.38278E-05,8.71069E-05,1.77927E-05,5.49999E-05
electricity,coal,Coal (conv pul),1990,BC,1.33356E-05,9.28889E-06,3.08954E-05,2.46039E-06,5.93711E-06,5.55008E-05,0.000103068,6.4361E-05,8.26021E-05,4.83008E-05,9.38278E-05,8.71069E-05,1.77927E-05,5.49999E-05
electricity,coal,Coal (IGCC),1990,BC,4.06986E-07,4.06986E-07,4.06986E-07,4.06986E-07,4.06986E-07,2.29212E-07,4.06986E-07,4.06986E-07,4.06986E-07,4.06986E-07,4.06986E-07,4.06986E-07,4.06986E-07,4.06986E-07
electricity,coal,Coal (IGCC)_CCS,1990,BC,4.06986E-07,4.06986E-07,4.06986E-07,4.06986E-07,4.06986E-07,2.29212E-07,4.06986E-07,4.06986E-07,4.06986E-07,4.06986E-07,4.06986E-07,4.06986E-07,4.06986E-07,4.06986E-07
electricity,gas,Gas (existing),1990,BC,4.06986E-07,0,0,0,0,2.29212E-07,0,0,0,0,0,0,0,0
electricity,gas,Gas (peak load conv),1990,BC,4.06986E-07,4.06986E-07,4.06986E-07,4.06986E-07,4.06986E-07,2.29212E-07,4.06986E-07,4.06986E-07,4.06986E-07,4.06986E-07,4.06986E-07,4.06986E-07,4.06986E-07,4.06986E-07
electricity,gas,Gas (CC),1990,BC,4.06986E-07,4.06986E-07,4.06986E-07,4.06986E-07,4.06986E-07,2.29212E-07,4.06986E-07,4.06986E-07,4.06986E-07,4.06986E-07,4.06986E-07,4.06986E-07,4.06986E-07,4.06986E-07
electricity,gas,Gas (CC)_CCS,1990,BC,4.06986E-07,4.06986E-07,4.06986E-07,4.06986E-07,4.06986E-07,2.29212E-07,4.06986E-07,4.06986E-07,4.06986E-07,4.06986E-07,4.06986E-07,4.06986E-07,4.06986E-07,4.06986E-07
electricity,oil,Oil (existing),1990,BC,0.000207247,0.000159195,0.000332603,0.000107258,5.05751E-05,0.000538924,9.27425E-05,0.000691606,0.00019139,0.000178201,0.000908382,0.001371367,0.000572096,9.77647E-05
electricity,oil,Oil (peak load conv),1990,BC,0.000207247,0.000159195,0.000332603,0.000107258,0.000207247,0.000538924,9.27425E-05,0.000691606,0.00019139,0.000178201,0.000908382,0.001371367,0.000572096,9.77647E-05
electricity,oil,Oil (IGCC),1990,BC,4.06986E-07,4.06986E-07,4.06986E-07,4.06986E-07,4.06986E-07,2.29212E-07,4.06986E-07,4.06986E-07,4.06986E-07,4.06986E-07,4.06986E-07,4.06986E-07,4.06986E-07,4.06986E-07
electricity,oil,Oil (IGCC)_CCS,1990,BC,4.06986E-07,4.06986E-07,4.06986E-07,4.06986E-07,4.06986E-07,2.29212E-07,4.06986E-07,4.06986E-07,4.06986E-07,4.06986E-07,4.06986E-07,4.06986E-07,4.06986E-07,4.06986E-07
electricity,biomass,Biomass (existing),1990,BC,0.001980899,8.42761E-05,0.000352917,0.000200151,0,0,0.0005861,0,0.000600282,0.000475301,0.000609551,0.000918018,0.000638276,0.000597351
electricity,biomass,Biomass (conv),1990,BC,0.001980899,8.42761E-05,0.000352917,0.000200151,0,0.001980899,0.001980899,0.001980899,0.001980899,0.000475301,0.001980899,0.000918018,0.001980899,0.001980899
electricity,biomass,Biomass (IGCC),1990,BC,4.06986E-07,4.06986E-07,4.06986E-07,4.06986E-07,4.06986E-07,2.29212E-07,4.06986E-07,4.06986E-07,4.06986E-07,4.06986E-07,4.06986E-07,4.06986E-07,4.06986E-07,4.06986E-07
electricity,biomass,Biomass (IGCC)_CCS,1990,BC,4.06986E-07,4.06986E-07,4.06986E-07,4.06986E-07,4.06986E-07,2.29212E-07,4.06986E-07,4.06986E-07,4.06986E-07,4.06986E-07,4.06986E-07,4.06986E-07,4.06986E-07,4.06986E-07
H2 Central Production,coal chemical,coal chemical,1990,BC,0,0,0,0,0,0,0,0,0,0,0,0,0,0
H2 Central Production,coal chemical,coal chemical CCS,1990,BC,0,0,0,0,0,0,0,0,0,0,0,0,0,0
H2 Central Production,biomass to H2,biomass to H2,1990,BC,0,0,0,0,0,0,0,0,0,0,0,0,0,0
H2 Central Production,biomass to H2,biomass to H2 CCS,1990,BC,0,0,0,0,0,0,0,0,0,0,0,0,0,0
building,gas,gas,1990,BC,9.27289E-07,0,0,0,0,0,0,0,0,0,0,0,0,0
building,coal,coal,1990,BC,0.250771516,0.204414762,0.051054405,0.024834657,0.355702693,0.207147281,0.108739716,0,0.269984648,0.508341909,0.077234518,0.133935786,0.379288424,0.131644521
building,biomass,biomass,1990,BC,0.074364366,0.052209358,0.020075293,0.024414378,0.097299275,0.141269209,0.053355535,0.004072955,0.097140078,0.938042649,0.257475158,0.028130323,0.155840896,0.265156609
building,refined liquids,refined liquids,1990,BC,0.001055777,0.000876095,0.001033691,0.004023837,0.002893961,0.001247159,0.005529215,0.002286362,0.004794736,0.004997799,0.003803683,0.000846532,0.002512814,0.005758352
building,trad biomass,trad biomass,1990,BC,0,0,0,0,0,0,0.034499126,0,0.034671546,0.014310937,0.037736185,0,0,0.046082541
industrial energy use,biomass,biomass,1990,BC,0.000645006,0.00513177,0.006321823,0.005922117,0.004375938,0.025012824,0.022945965,0.149640222,0.015975183,0.042329149,0.028250471,0.006106623,0,0.056897755
industrial energy use,gas,gas,1990,BC,1.02255E-06,0,0,0,0,5.72161E-07,0,0,0,0,0,0,0,0
industrial energy use,coal,coal,1990,BC,0.019149398,0.000224904,0.001226281,0.000150455,0.00177004,0.001916331,0.049028067,0.011257405,0.010482041,0.011537718,0.017052178,0.005948614,0.00056105,0.029709691
industrial energy use,refined liquids,refined liquids,1990,BC,0.03234815,0.04646139,0.030357973,0.026683465,0.057458794,0.030320766,0.050506931,0.029606984,0.023205619,0.030376134,0.041525143,0.052946849,0.110376533,0.036655623
industrial energy use,biomass,biomass cogen,1990,BC,0.000645006,0.00513177,0.006321823,0.005922117,0.004375938,0.025012824,0.022945965,0.149640222,0.015975183,0.042329149,0.028250471,0.006106623,0,0.056897755
industrial energy use,gas,gas cogen,1990,BC,1.02255E-06,0,0,0,0,5.72161E-07,0,0,0,0,0,0,0,0
industrial energy use,coal,coal cogen,1990,BC,0.019149398,0.000224904,0.001226281,0.000150455,0.00177004,0.001916331,0.049028067,0.011257405,0.010482041,0.011537718,0.017052178,0.005948614,0.00056105,0.029709691
industrial energy use,refined liquids,refined liquids cogen,1990,BC,0.03234815,0.04646139,0.030357973,0.026683465,0.057458794,0.030320766,0.050506931,0.029606984,0.023205619,0.030376134,0.041525143,0.052946849,0.110376533,0.036655623
process heat cement,biomass,biomass,1990,BC,0.000645006,0.00513177,0.006321823,0.005922117,0.004375938,0.025012824,0.022945965,0.149640222,0.015975183,0.042329149,0.028250471,0.006106623,0,0.056897755
process heat cement,gas,gas,1990,BC,1.02255E-06,0,0,0,0,5.72161E-07,0,0,0,0,0,0,0,0
process heat cement,coal,coal,1990,BC,0.019149398,0.000224904,0.001226281,0.000150455,0.00177004,0.001916331,0.049028067,0.011257405,0.010482041,0.011537718,0.017052178,0.005948614,0.00056105,0.029709691
process heat cement,refined liquids,refined liquids,1990,BC,0.03234815,0.04646139,0.030357973,0.026683465,0.057458794,0.030320766,0.050506931,0.029606984,0.023205619,0.030376134,0.041525143,0.052946849,0.110376533,0.036655623
urban processes,landfills,landfills,1990,BC,0.01130933,0.010389211,0.00742843,0.005681098,0.007996037,0.008291801,0.005825416,0.005937569,0.008130383,0.011296705,0.003558633,0.009662459,0.0148818,0.00238845
,,,,,,,,,,,,,,,,,,
,,,,,,,,,,,,,,,,,,
Uncontrolled emissions coefficient,,,,,,,,,,,,,,,,,,
TABLE NOT READ,,,,,This table is read in for techs that don't have emissions in base year,,,,,,,,,,,,,
Variable ID,,,,,,,,,,,,,,,,,,
10015,,,,,,,,,,,,,,,,,,
,,,,,uncontrolled-emiss-coef,,,,,,,,,,,,,
supplysector,subsector,technology,period,generic-ghg,USA,Canada,Western Europe,Japan,Australia_NZ,Former Soviet Union,China,Middle East,Africa,Latin America,Southeast Asia,Eastern Europe,Korea,India
regional coal,regional coal,regional coal,1990,BC,0.000105619,0.000184953,0.00073389,0.000422901,0.000101208,0.000771583,0.000398317,0.00438938,0.00044772,0.002950099,0.000534443,0.000573491,0.001813601,0.000567468
regional crude oil,regional crude oil,regional crude oil,1990,BC,2.08026E-06,4.28379E-06,3.84326E-05,1.60322E-06,5.40631E-07,2.68718E-06,4.70092E-06,4.03209E-05,4.02444E-06,0.000131841,2.52502E-05,6.09793E-06,1.23664E-05,5.98714E-06
refined liquids industrial,unconventional oil refining,unconventional oil refining,1990,BC,0,0,0,0,0,0,0,0,0,0,0,0,0,0
refined liquids industrial,coal to liquids,coal to liquids,1990,BC,0,0,0,0,0,0,0,0,0,0,0,0,0,0
refined liquids industrial,gas to liquids,gas to liquids,1990,BC,0,0,0,0,0,0,0,0,0,0,0,0,0,0
refined liquids enduse,unconventional oil refining,unconventional oil refining,1990,BC,0,0,0,0,0,0,0,0,0,0,0,0,0,0
refined liquids enduse,coal to liquids,coal to liquids,1990,BC,0,0,0,0,0,0,0,0,0,0,0,0,0,0
refined liquids enduse,gas to liquids,gas to liquids,1990,BC,0,0,0,0,0,0,0,0,0,0,0,0,0,0
electricity,coal,Coal (existing),1990,BC,1.33356E-05,9.28889E-06,3.08954E-05,2.46039E-06,5.93711E-06,5.55008E-05,0.000103068,6.4361E-05,8.26021E-05,4.83008E-05,9.38278E-05,8.71069E-05,1.77927E-05,5.49999E-05
electricity,coal,Coal (conv pul),1990,BC,1.33356E-05,9.28889E-06,3.08954E-05,2.46039E-06,5.93711E-06,5.55008E-05,0.000103068,6.4361E-05,8.26021E-05,4.83008E-05,9.38278E-05,8.71069E-05,1.77927E-05,5.49999E-05
electricity,coal,Coal (IGCC),1990,BC,4.06986E-07,4.06986E-07,4.06986E-07,4.06986E-07,4.06986E-07,2.29212E-07,4.06986E-07,4.06986E-07,4.06986E-07,4.06986E-07,4.06986E-07,4.06986E-07,4.06986E-07,4.06986E-07
electricity,coal,Coal (IGCC)_CCS,1990,BC,4.06986E-07,4.06986E-07,4.06986E-07,4.06986E-07,4.06986E-07,2.29212E-07,4.06986E-07,4.06986E-07,4.06986E-07,4.06986E-07,4.06986E-07,4.06986E-07,4.06986E-07,4.06986E-07
electricity,gas,Gas (existing),1990,BC,4.06986E-07,0,0,0,0,2.29212E-07,0,0,0,0,0,0,0,0
electricity,gas,Gas (peak load conv),1990,BC,4.06986E-07,4.06986E-07,4.06986E-07,4.06986E-07,4.06986E-07,2.29212E-07,4.06986E-07,4.06986E-07,4.06986E-07,4.06986E-07,4.06986E-07,4.06986E-07,4.06986E-07,4.06986E-07
electricity,gas,Gas (CC),1990,BC,4.06986E-07,4.06986E-07,4.06986E-07,4.06986E-07,4.06986E-07,2.29212E-07,4.06986E-07,4.06986E-07,4.06986E-07,4.06986E-07,4.06986E-07,4.06986E-07,4.06986E-07,4.06986E-07
electricity,gas,Gas (CC)_CCS,1990,BC,4.06986E-07,4.06986E-07,4.06986E-07,4.06986E-07,4.06986E-07,2.29212E-07,4.06986E-07,4.06986E-07,4.06986E-07,4.06986E-07,4.06986E-07,4.06986E-07,4.06986E-07,4.06986E-07
electricity,oil,Oil (existing),1990,BC,0.000207247,0.000159195,0.000332603,0.000107258,5.05751E-05,0.000538924,9.27425E-05,0.000691606,0.00019139,0.000178201,0.000908382,0.001371367,0.000572096,9.77647E-05
electricity,oil,Oil (peak load conv),1990,BC,0.000207247,0.000159195,0.000332603,0.000107258,0.000207247,0.000538924,9.27425E-05,0.000691606,0.00019139,0.000178201,0.000908382,0.001371367,0.000572096,9.77647E-05
electricity,oil,Oil (IGCC),1990,BC,4.06986E-07,4.06986E-07,4.06986E-07,4.06986E-07,4.06986E-07,2.29212E-07,4.06986E-07,4.06986E-07,4.06986E-07,4.06986E-07,4.06986E-07,4.06986E-07,4.06986E-07,4.06986E-07
electricity,oil,Oil (IGCC)_CCS,1990,BC,4.06986E-07,4.06986E-07,4.06986E-07,4.06986E-07,4.06986E-07,2.29212E-07,4.06986E-07,4.06986E-07,4.06986E-07,4.06986E-07,4.06986E-07,4.06986E-07,4.06986E-07,4.06986E-07
electricity,biomass,Biomass (existing),1990,BC,0.001980899,8.42761E-05,0.000352917,0.000200151,0,0,0.0005861,0,0.000600282,0.000475301,0.000609551,0.000918018,0.000638276,0.000597351
electricity,biomass,Biomass (conv),1990,BC,0.001980899,8.42761E-05,0.000352917,0.000200151,0,0.001980899,0.001980899,0.001980899,0.001980899,0.000475301,0.001980899,0.000918018,0.001980899,0.001980899
electricity,biomass,Biomass (IGCC),1990,BC,4.06986E-07,4.06986E-07,4.06986E-07,4.06986E-07,4.06986E-07,2.29212E-07,4.06986E-07,4.06986E-07,4.06986E-07,4.06986E-07,4.06986E-07,4.06986E-07,4.06986E-07,4.06986E-07
electricity,biomass,Biomass (IGCC)_CCS,1990,BC,4.06986E-07,4.06986E-07,4.06986E-07,4.06986E-07,4.06986E-07,2.29212E-07,4.06986E-07,4.06986E-07,4.06986E-07,4.06986E-07,4.06986E-07,4.06986E-07,4.06986E-07,4.06986E-07
H2 Central Production,coal chemical,coal chemical,1990,BC,0,0,0,0,0,0,0,0,0,0,0,0,0,0
H2 Central Production,coal chemical,coal chemical CCS,1990,BC,0,0,0,0,0,0,0,0,0,0,0,0,0,0
H2 Central Production,biomass to H2,biomass to H2,1990,BC,0,0,0,0,0,0,0,0,0,0,0,0,0,0
H2 Central Production,biomass to H2,biomass to H2 CCS,1990,BC,0,0,0,0,0,0,0,0,0,0,0,0,0,0
building,gas,gas,1990,BC,9.27289E-07,0,0,0,0,0,0,0,0,0,0,0,0,0
building,coal,coal,1990,BC,0.250771516,0.204414762,0.051054405,0.024834657,0.355702693,0.207147281,0.108739716,0,0.269984648,0.508341909,0.077234518,0.133935786,0.379288424,0.131644521
building,biomass,biomass,1990,BC,0.074364366,0.052209358,0.020075293,0.024414378,0.097299275,0.141269209,0.053355535,0.004072955,0.097140078,0.938042649,0.257475158,0.028130323,0.155840896,0.265156609
building,refined liquids,refined liquids,1990,BC,0.001055777,0.000876095,0.001033691,0.004023837,0.002893961,0.001247159,0.005529215,0.002286362,0.004794736,0.004997799,0.003803683,0.000846532,0.002512814,0.005758352
building,trad biomass,trad biomass,1990,BC,0,0,0,0,0,0,0.034499126,0,0.034671546,0.014310937,0.037736185,0,0,0.046082541
industrial energy use,biomass,biomass,1990,BC,0.000645006,0.00513177,0.006321823,0.005922117,0.004375938,0.025012824,0.022945965,0.149640222,0.015975183,0.042329149,0.028250471,0.006106623,0,0.056897755
industrial energy use,gas,gas,1990,BC,1.02255E-06,0,0,0,0,5.72161E-07,0,0,0,0,0,0,0,0
industrial energy use,coal,coal,1990,BC,0.019149398,0.000224904,0.001226281,0.000150455,0.00177004,0.001916331,0.049028067,0.011257405,0.010482041,0.011537718,0.017052178,0.005948614,0.00056105,0.029709691
industrial energy use,refined liquids,refined liquids,1990,BC,0.03234815,0.04646139,0.030357973,0.026683465,0.057458794,0.030320766,0.050506931,0.029606984,0.023205619,0.030376134,0.041525143,0.052946849,0.110376533,0.036655623
industrial energy use,biomass,biomass cogen,1990,BC,0.000645006,0.00513177,0.006321823,0.005922117,0.004375938,0.025012824,0.022945965,0.149640222,0.015975183,0.042329149,0.028250471,0.006106623,0,0.056897755
industrial energy use,gas,gas cogen,1990,BC,1.02255E-06,0,0,0,0,5.72161E-07,0,0,0,0,0,0,0,0
industrial energy use,coal,coal cogen,1990,BC,0.019149398,0.000224904,0.001226281,0.000150455,0.00177004,0.001916331,0.049028067,0.011257405,0.010482041,0.011537718,0.017052178,0.005948614,0.00056105,0.029709691
industrial energy use,refined liquids,refined liquids cogen,1990,BC,0.03234815,0.04646139,0.030357973,0.026683465,0.057458794,0.030320766,0.050506931,0.029606984,0.023205619,0.030376134,0.041525143,0.052946849,0.110376533,0.036655623
process heat cement,biomass,biomass,1990,BC,0.000645006,0.00513177,0.006321823,0.005922117,0.004375938,0.025012824,0.022945965,0.149640222,0.015975183,0.042329149,0.028250471,0.006106623,0,0.056897755
process heat cement,gas,gas,1990,BC,1.02255E-06,0,0,0,0,5.72161E-07,0,0,0,0,0,0,0,0
process heat cement,coal,coal,1990,BC,0.019149398,0.000224904,0.001226281,0.000150455,0.00177004,0.001916331,0.049028067,0.011257405,0.010482041,0.011537718,0.017052178,0.005948614,0.00056105,0.029709691
process heat cement,refined liquids,refined liquids,1990,BC,0.03234815,0.04646139,0.030357973,0.026683465,0.057458794,0.030320766,0.050506931,0.029606984,0.023205619,0.030376134,0.041525143,0.052946849,0.110376533,0.036655623
urban processes,landfills,landfills,1990,BC,0.01130933,0.010389211,0.00742843,0.005681098,0.007996037,0.008291801,0.005825416,0.005937569,0.008130383,0.011296705,0.003558633,0.009662459,0.0148818,0.00238845
,,,,,,,,,,,,,,,,,,
,,,,,,,,,,,,,,,,,,
per-capita GDP at mid-point of control curve,,,,,,,,,,,,,,,,,,
INPUT_TABLE,,,,,,,,,,,,,,,,,,
Variable ID,,,,,,,,,,,,,,,,,,
10030,,,,,,,,,,,,,,,,,,
,,,,,gdp-mid-control,,,,,,,,,,,,,
supplysector,subsector,technology,period,generic-ghg,USA,Canada,Western Europe,Japan,Australia_NZ,Former Soviet Union,China,Middle East,Africa,Latin America,Southeast Asia,Eastern Europe,Korea,India
regional coal,regional coal,regional coal,1990,BC,34.6,26.7,16.6,30.6,20.0,8.0,8.0,8.0,8.0,8.0,8.0,6.0,12.3,8.0
regional crude oil,regional crude oil,regional crude oil,1990,BC,34.6,26.7,16.6,30.6,20.0,8.0,8.0,8.0,8.0,8.0,8.0,6.0,12.3,8.0
refined liquids industrial,unconventional oil refining,unconventional oil refining,1990,BC,34.6,26.7,16.6,30.6,20.0,8.0,8.0,8.0,8.0,8.0,8.0,6.0,12.3,8.0
refined liquids industrial,coal to liquids,coal to liquids,1990,BC,34.6,26.7,16.6,30.6,20.0,8.0,8.0,8.0,8.0,8.0,8.0,6.0,12.3,8.0
refined liquids industrial,gas to liquids,gas to liquids,1990,BC,34.6,26.7,16.6,30.6,20.0,8.0,8.0,8.0,8.0,8.0,8.0,6.0,12.3,8.0
refined liquids enduse,unconventional oil refining,unconventional oil refining,1990,BC,34.6,26.7,16.6,30.6,20.0,8.0,8.0,8.0,8.0,8.0,8.0,6.0,12.3,8.0
refined liquids enduse,coal to liquids,coal to liquids,1990,BC,34.6,26.7,16.6,30.6,20.0,8.0,8.0,8.0,8.0,8.0,8.0,6.0,12.3,8.0
refined liquids enduse,gas to liquids,gas to liquids,1990,BC,34.6,26.7,16.6,30.6,20.0,8.0,8.0,8.0,8.0,8.0,8.0,6.0,12.3,8.0
electricity,coal,Coal (existing),1990,BC,34.6,26.7,16.6,30.6,20.0,8.0,8.0,8.0,8.0,8.0,8.0,6.0,12.3,8.0
electricity,coal,Coal (conv pul),1990,BC,34.6,26.7,16.6,30.6,20.0,8.0,8.0,8.0,8.0,8.0,8.0,6.0,12.3,8.0
electricity,coal,Coal (IGCC),1990,BC,34.6,26.7,16.6,30.6,20.0,8.0,8.0,8.0,8.0,8.0,8.0,6.0,12.3,8.0
electricity,coal,Coal (IGCC)_CCS,1990,BC,34.6,26.7,16.6,30.6,20.0,8.0,8.0,8.0,8.0,8.0,8.0,6.0,12.3,8.0
electricity,gas,Gas (existing),1990,BC,34.6,26.7,16.6,30.6,20.0,8.0,8.0,8.0,8.0,8.0,8.0,6.0,12.3,8.0
electricity,gas,Gas (peak load conv),1990,BC,34.6,26.7,16.6,30.6,20.0,8.0,8.0,8.0,8.0,8.0,8.0,6.0,12.3,8.0
electricity,gas,Gas (CC),1990,BC,34.6,26.7,16.6,30.6,20.0,8.0,8.0,8.0,8.0,8.0,8.0,6.0,12.3,8.0
electricity,gas,Gas (CC)_CCS,1990,BC,34.6,26.7,16.6,30.6,20.0,8.0,8.0,8.0,8.0,8.0,8.0,6.0,12.3,8.0
electricity,oil,Oil (existing),1990,BC,34.6,26.7,16.6,30.6,20.0,8.0,8.0,8.0,8.0,8.0,8.0,6.0,12.3,8.0
electricity,oil,Oil (peak load conv),1990,BC,34.6,26.7,16.6,30.6,20.0,8.0,8.0,8.0,8.0,8.0,8.0,6.0,12.3,8.0
electricity,oil,Oil (IGCC),1990,BC,34.6,26.7,16.6,30.6,20.0,8.0,8.0,8.0,8.0,8.0,8.0,6.0,12.3,8.0
electricity,oil,Oil (IGCC)_CCS,1990,BC,34.6,26.7,16.6,30.6,20.0,8.0,8.0,8.0,8.0,8.0,8.0,6.0,12.3,8.0
electricity,biomass,Biomass (existing),1990,BC,34.6,26.7,16.6,30.6,20.0,8.0,8.0,8.0,8.0,8.0,8.0,6.0,12.3,8.0
electricity,biomass,Biomass (conv),1990,BC,34.6,26.7,16.6,30.6,20.0,8.0,8.0,8.0,8.0,8.0,8.0,6.0,12.3,8.0
electricity,biomass,Biomass (IGCC),1990,BC,34.6,26.7,16.6,30.6,20.0,8.0,8.0,8.0,8.0,8.0,8.0,6.0,12.3,8.0
electricity,biomass,Biomass (IGCC)_CCS,1990,BC,34.6,26.7,16.6,30.6,20.0,8.0,8.0,8.0,8.0,8.0,8.0,6.0,12.3,8.0
H2 Central Production,coal chemical,coal chemical,1990,BC,34.6,26.7,16.6,30.6,20.0,8.0,8.0,8.0,8.0,8.0,8.0,6.0,12.3,8.0
H2 Central Production,coal chemical,coal chemical CCS,1990,BC,34.6,26.7,16.6,30.6,20.0,8.0,8.0,8.0,8.0,8.0,8.0,6.0,12.3,8.0
H2 Central Production,biomass to H2,biomass to H2,1990,BC,34.6,26.7,16.6,30.6,20.0,8.0,8.0,8.0,8.0,8.0,8.0,6.0,12.3,8.0
H2 Central Production,biomass to H2,biomass to H2 CCS,1990,BC,34.6,26.7,16.6,30.6,20.0,8.0,8.0,8.0,8.0,8.0,8.0,6.0,12.3,8.0
building,gas,gas,1990,BC,34.6,26.7,16.6,30.6,20.0,8.0,8.0,8.0,8.0,8.0,8.0,6.0,12.3,8.0
building,coal,coal,1990,BC,34.6,26.7,16.6,30.6,20.0,8.0,8.0,8.0,8.0,8.0,8.0,6.0,12.3,8.0
building,biomass,biomass,1990,BC,34.6,26.7,16.6,30.6,20.0,8.0,8.0,8.0,8.0,8.0,8.0,6.0,12.3,8.0
building,refined liquids,refined liquids,1990,BC,34.6,26.7,16.6,30.6,20.0,8.0,8.0,8.0,8.0,8.0,8.0,6.0,12.3,8.0
building,trad biomass,trad biomass,1990,BC,34.6,26.7,16.6,30.6,20.0,8.0,8.0,8.0,8.0,8.0,8.0,6.0,12.3,8.0
industrial energy use,biomass,biomass,1990,BC,34.6,26.7,16.6,30.6,20.0,8.0,8.0,8.0,8.0,8.0,8.0,6.0,12.3,8.0
industrial energy use,gas,gas,1990,BC,34.6,26.7,16.6,30.6,20.0,8.0,8.0,8.0,8.0,8.0,8.0,6.0,12.3,8.0
industrial energy use,coal,coal,1990,BC,34.6,26.7,16.6,30.6,20.0,8.0,8.0,8.0,8.0,8.0,8.0,6.0,12.3,8.0
industrial energy use,refined liquids,refined liquids,1990,BC,34.6,26.7,16.6,30.6,20.0,8.0,8.0,8.0,8.0,8.0,8.0,6.0,12.3,8.0
industrial energy use,biomass,biomass cogen,1990,BC,34.6,26.7,16.6,30.6,20.0,8.0,8.0,8.0,8.0,8.0,8.0,6.0,12.3,8.0
industrial energy use,gas,gas cogen,1990,BC,34.6,26.7,16.6,30.6,20.0,8.0,8.0,8.0,8.0,8.0,8.0,6.0,12.3,8.0
industrial energy use,coal,coal cogen,1990,BC,34.6,26.7,16.6,30.6,20.0,8.0,8.0,8.0,8.0,8.0,8.0,6.0,12.3,8.0
industrial energy use,refined liquids,refined liquids cogen,1990,BC,34.6,26.7,16.6,30.6,20.0,8.0,8.0,8.0,8.0,8.0,8.0,6.0,12.3,8.0
process heat cement,biomass,biomass,1990,BC,34.6,26.7,16.6,30.6,20.0,8.0,8.0,8.0,8.0,8.0,8.0,6.0,12.3,8.0
process heat cement,gas,gas,1990,BC,34.6,26.7,16.6,30.6,20.0,8.0,8.0,8.0,8.0,8.0,8.0,6.0,12.3,8.0
process heat cement,coal,coal,1990,BC,34.6,26.7,16.6,30.6,20.0,8.0,8.0,8.0,8.0,8.0,8.0,6.0,12.3,8.0
process heat cement,refined liquids,refined liquids,1990,BC,34.6,26.7,16.6,30.6,20.0,8.0,8.0,8.0,8.0,8.0,8.0,6.0,12.3,8.0
urban processes,landfills,landfills,1990,BC,34.6,26.7,16.6,30.6,20.0,8.0,8.0,8.0,8.0,8.0,8.0,6.0,12.3,8.0
,,,,,,,,,,,,,,,,,,
,,,,,,,,,,,,,,,,,,
GDP range from 10% to 90% of maximum control value,,,,,,,,,,,,,,,,,,
INPUT_TABLE,,,,,,,,,,,,,,,,,,
Variable ID,,,,,,,,,,,,,,,,,,
10040,,,,,,,,,,,,,,,,,,
,,,,,gdp-control-range,,,,,,,,,,,,,
supplysector,subsector,technology,period,generic-ghg,USA,Canada,Western Europe,Japan,Australia_NZ,Former Soviet Union,China,Middle East,Africa,Latin America,Southeast Asia,Eastern Europe,Korea,India
regional coal,regional coal,regional coal,1990,BC,30.0,30.0,12.0,12.0,30.0,12.0,8.0,12.0,12.0,12.0,12.0,6.0,8.0,12.0
regional crude oil,regional crude oil,regional crude oil,1990,BC,30.0,30.0,12.0,12.0,30.0,12.0,8.0,12.0,12.0,12.0,12.0,6.0,8.0,12.0
refined liquids industrial,unconventional oil refining,unconventional oil refining,1990,BC,30.0,30.0,12.0,12.0,30.0,12.0,8.0,12.0,12.0,12.0,12.0,6.0,8.0,12.0
refined liquids industrial,coal to liquids,coal to liquids,1990,BC,30.0,30.0,12.0,12.0,30.0,12.0,8.0,12.0,12.0,12.0,12.0,6.0,8.0,12.0
refined liquids industrial,gas to liquids,gas to liquids,1990,BC,30.0,30.0,12.0,12.0,30.0,12.0,8.0,12.0,12.0,12.0,12.0,6.0,8.0,12.0
refined liquids enduse,unconventional oil refining,unconventional oil refining,1990,BC,30.0,30.0,12.0,12.0,30.0,12.0,8.0,12.0,12.0,12.0,12.0,6.0,8.0,12.0
refined liquids enduse,coal to liquids,coal to liquids,1990,BC,30.0,30.0,12.0,12.0,30.0,12.0,8.0,12.0,12.0,12.0,12.0,6.0,8.0,12.0
refined liquids enduse,gas to liquids,gas to liquids,1990,BC,30.0,30.0,12.0,12.0,30.0,12.0,8.0,12.0,12.0,12.0,12.0,6.0,8.0,12.0
electricity,coal,Coal (existing),1990,BC,30.0,30.0,12.0,12.0,30.0,12.0,8.0,12.0,12.0,12.0,12.0,6.0,8.0,12.0
electricity,coal,Coal (conv pul),1990,BC,30.0,30.0,12.0,12.0,30.0,12.0,8.0,12.0,12.0,12.0,12.0,6.0,8.0,12.0
electricity,coal,Coal (IGCC),1990,BC,30.0,30.0,12.0,12.0,30.0,12.0,8.0,12.0,12.0,12.0,12.0,6.0,8.0,12.0
electricity,coal,Coal (IGCC)_CCS,1990,BC,30.0,30.0,12.0,12.0,30.0,12.0,8.0,12.0,12.0,12.0,12.0,6.0,8.0,12.0
electricity,gas,Gas (existing),1990,BC,30.0,30.0,12.0,12.0,30.0,12.0,8.0,12.0,12.0,12.0,12.0,6.0,8.0,12.0
electricity,gas,Gas (peak load conv),1990,BC,30.0,30.0,12.0,12.0,30.0,12.0,8.0,12.0,12.0,12.0,12.0,6.0,8.0,12.0
electricity,gas,Gas (CC),1990,BC,30.0,30.0,12.0,12.0,30.0,12.0,8.0,12.0,12.0,12.0,12.0,6.0,8.0,12.0
electricity,gas,Gas (CC)_CCS,1990,BC,30.0,30.0,12.0,12.0,30.0,12.0,8.0,12.0,12.0,12.0,12.0,6.0,8.0,12.0
electricity,oil,Oil (existing),1990,BC,30.0,30.0,12.0,12.0,30.0,12.0,8.0,12.0,12.0,12.0,12.0,6.0,8.0,12.0
electricity,oil,Oil (peak load conv),1990,BC,30.0,30.0,12.0,12.0,30.0,12.0,8.0,12.0,12.0,12.0,12.0,6.0,8.0,12.0
electricity,oil,Oil (IGCC),1990,BC,30.0,30.0,12.0,12.0,30.0,12.0,8.0,12.0,12.0,12.0,12.0,6.0,8.0,12.0
electricity,oil,Oil (IGCC)_CCS,1990,BC,30.0,30.0,12.0,12.0,30.0,12.0,8.0,12.0,12.0,12.0,12.0,6.0,8.0,12.0
electricity,biomass,Biomass (existing),1990,BC,30.0,30.0,12.0,12.0,30.0,12.0,8.0,12.0,12.0,12.0,12.0,6.0,8.0,12.0
electricity,biomass,Biomass (conv),1990,BC,30.0,30.0,12.0,12.0,30.0,12.0,8.0,12.0,12.0,12.0,12.0,6.0,8.0,12.0
electricity,biomass,Biomass (IGCC),1990,BC,30.0,30.0,12.0,12.0,30.0,12.0,8.0,12.0,12.0,12.0,12.0,6.0,8.0,12.0
electricity,biomass,Biomass (IGCC)_CCS,1990,BC,30.0,30.0,12.0,12.0,30.0,12.0,8.0,12.0,12.0,12.0,12.0,6.0,8.0,12.0
H2 Central Production,coal chemical,coal chemical,1990,BC,30.0,30.0,12.0,12.0,30.0,12.0,8.0,12.0,12.0,12.0,12.0,6.0,8.0,12.0
H2 Central Production,coal chemical,coal chemical CCS,1990,BC,30.0,30.0,12.0,12.0,30.0,12.0,8.0,12.0,12.0,12.0,12.0,6.0,8.0,12.0
H2 Central Production,biomass to H2,biomass to H2,1990,BC,30.0,30.0,12.0,12.0,30.0,12.0,8.0,12.0,12.0,12.0,12.0,6.0,8.0,12.0
H2 Central Production,biomass to H2,biomass to H2 CCS,1990,BC,30.0,30.0,12.0,12.0,30.0,12.0,8.0,12.0,12.0,12.0,12.0,6.0,8.0,12.0
building,gas,gas,1990,BC,30.0,30.0,12.0,12.0,30.0,12.0,8.0,12.0,12.0,12.0,12.0,6.0,8.0,12.0
building,coal,coal,1990,BC,30.0,30.0,12.0,12.0,30.0,12.0,8.0,12.0,12.0,12.0,12.0,6.0,8.0,12.0
building,biomass,biomass,1990,BC,30.0,30.0,12.0,12.0,30.0,12.0,8.0,12.0,12.0,12.0,12.0,6.0,8.0,12.0
building,refined liquids,refined liquids,1990,BC,30.0,30.0,12.0,12.0,30.0,12.0,8.0,12.0,12.0,12.0,12.0,6.0,8.0,12.0
building,trad biomass,trad biomass,1990,BC,30.0,30.0,12.0,12.0,30.0,12.0,8.0,12.0,12.0,12.0,12.0,6.0,8.0,12.0
industrial energy use,biomass,biomass,1990,BC,30.0,30.0,12.0,12.0,30.0,12.0,8.0,12.0,12.0,12.0,12.0,6.0,8.0,12.0
industrial energy use,gas,gas,1990,BC,30.0,30.0,12.0,12.0,30.0,12.0,8.0,12.0,12.0,12.0,12.0,6.0,8.0,12.0
industrial energy use,coal,coal,1990,BC,30.0,30.0,12.0,12.0,30.0,12.0,8.0,12.0,12.0,12.0,12.0,6.0,8.0,12.0
industrial energy use,refined liquids,refined liquids,1990,BC,30.0,30.0,12.0,12.0,30.0,12.0,8.0,12.0,12.0,12.0,12.0,6.0,8.0,12.0
industrial energy use,biomass,biomass cogen,1990,BC,30.0,30.0,12.0,12.0,30.0,12.0,8.0,12.0,12.0,12.0,12.0,6.0,8.0,12.0
industrial energy use,gas,gas cogen,1990,BC,30.0,30.0,12.0,12.0,30.0,12.0,8.0,12.0,12.0,12.0,12.0,6.0,8.0,12.0
industrial energy use,coal,coal cogen,1990,BC,30.0,30.0,12.0,12.0,30.0,12.0,8.0,12.0,12.0,12.0,12.0,6.0,8.0,12.0
industrial energy use,refined liquids,refined liquids cogen,1990,BC,30.0,30.0,12.0,12.0,30.0,12.0,8.0,12.0,12.0,12.0,12.0,6.0,8.0,12.0
process heat cement,biomass,biomass,1990,BC,30.0,30.0,12.0,12.0,30.0,12.0,8.0,12.0,12.0,12.0,12.0,6.0,8.0,12.0
process heat cement,gas,gas,1990,BC,30.0,30.0,12.0,12.0,30.0,12.0,8.0,12.0,12.0,12.0,12.0,6.0,8.0,12.0
process heat cement,coal,coal,1990,BC,30.0,30.0,12.0,12.0,30.0,12.0,8.0,12.0,12.0,12.0,12.0,6.0,8.0,12.0
process heat cement,refined liquids,refined liquids,1990,BC,30.0,30.0,12.0,12.0,30.0,12.0,8.0,12.0,12.0,12.0,12.0,6.0,8.0,12.0
urban processes,landfills,landfills,1990,BC,30.0,30.0,12.0,12.0,30.0,12.0,8.0,12.0,12.0,12.0,12.0,6.0,8.0,12.0
,,,,,,,,,,,,,,,,,,
,,,,,,,,,,,,,,,,,,
Diffusional lowering of gdp-mid-control over time,,,,,,,,,,,,,,,,,,
INPUT_TABLE,,,,,,,,,,,,,,,,,,
Variable ID,,,,,,,,,,,,,,,,,,
10041,,,,,,,,,,,,,,,,,,
,,,,,tech-diffusion,,,,,,,,,,,,,
supplysector,subsector,technology,period,generic-ghg,USA,Canada,Western Europe,Japan,Australia_NZ,Former Soviet Union,China,Middle East,Africa,Latin America,Southeast Asia,Eastern Europe,Korea,India
regional coal,regional coal,regional coal,1990,BC,0.5,0.5,0.5,0.5,0.5,0.5,0.5,0.5,0.5,0.5,0.5,0.5,0.5,0.5
regional crude oil,regional crude oil,regional crude oil,1990,BC,0.5,0.5,0.5,0.5,0.5,0.5,0.5,0.5,0.5,0.5,0.5,0.5,0.5,0.5
refined liquids industrial,unconventional oil refining,unconventional oil refining,1990,BC,0.5,0.5,0.5,0.5,0.5,0.5,0.5,0.5,0.5,0.5,0.5,0.5,0.5,0.5
refined liquids industrial,coal to liquids,coal to liquids,1990,BC,0.5,0.5,0.5,0.5,0.5,0.5,0.5,0.5,0.5,0.5,0.5,0.5,0.5,0.5
refined liquids industrial,gas to liquids,gas to liquids,1990,BC,0.5,0.5,0.5,0.5,0.5,0.5,0.5,0.5,0.5,0.5,0.5,0.5,0.5,0.5
refined liquids enduse,unconventional oil refining,unconventional oil refining,1990,BC,0.5,0.5,0.5,0.5,0.5,0.5,0.5,0.5,0.5,0.5,0.5,0.5,0.5,0.5
refined liquids enduse,coal to liquids,coal to liquids,1990,BC,0.5,0.5,0.5,0.5,0.5,0.5,0.5,0.5,0.5,0.5,0.5,0.5,0.5,0.5
refined liquids enduse,gas to liquids,gas to liquids,1990,BC,0.5,0.5,0.5,0.5,0.5,0.5,0.5,0.5,0.5,0.5,0.5,0.5,0.5,0.5
electricity,coal,Coal (existing),1990,BC,0.5,0.5,0.5,0.5,0.5,0.5,0.5,0.5,0.5,0.5,0.5,0.5,0.5,0.5
electricity,coal,Coal (conv pul),1990,BC,0.5,0.5,0.5,0.5,0.5,0.5,0.5,0.5,0.5,0.5,0.5,0.5,0.5,0.5
electricity,coal,Coal (IGCC),1990,BC,0.5,0.5,0.5,0.5,0.5,0.5,0.5,0.5,0.5,0.5,0.5,0.5,0.5,0.5
electricity,coal,Coal (IGCC)_CCS,1990,BC,0.5,0.5,0.5,0.5,0.5,0.5,0.5,0.5,0.5,0.5,0.5,0.5,0.5,0.5
electricity,gas,Gas (existing),1990,BC,0.5,0.5,0.5,0.5,0.5,0.5,0.5,0.5,0.5,0.5,0.5,0.5,0.5,0.5
electricity,gas,Gas (peak load conv),1990,BC,0.5,0.5,0.5,0.5,0.5,0.5,0.5,0.5,0.5,0.5,0.5,0.5,0.5,0.5
electricity,gas,Gas (CC),1990,BC,0.5,0.5,0.5,0.5,0.5,0.5,0.5,0.5,0.5,0.5,0.5,0.5,0.5,0.5
electricity,gas,Gas (CC)_CCS,1990,BC,0.5,0.5,0.5,0.5,0.5,0.5,0.5,0.5,0.5,0.5,0.5,0.5,0.5,0.5
electricity,oil,Oil (existing),1990,BC,0.5,0.5,0.5,0.5,0.5,0.5,0.5,0.5,0.5,0.5,0.5,0.5,0.5,0.5
electricity,oil,Oil (peak load conv),1990,BC,0.5,0.5,0.5,0.5,0.5,0.5,0.5,0.5,0.5,0.5,0.5,0.5,0.5,0.5
electricity,oil,Oil (IGCC),1990,BC,0.5,0.5,0.5,0.5,0.5,0.5,0.5,0.5,0.5,0.5,0.5,0.5,0.5,0.5
electricity,oil,Oil (IGCC)_CCS,1990,BC,0.5,0.5,0.5,0.5,0.5,0.5,0.5,0.5,0.5,0.5,0.5,0.5,0.5,0.5
electricity,biomass,Biomass (existing),1990,BC,0.5,0.5,0.5,0.5,0.5,0.5,0.5,0.5,0.5,0.5,0.5,0.5,0.5,0.5
electricity,biomass,Biomass (conv),1990,BC,0.5,0.5,0.5,0.5,0.5,0.5,0.5,0.5,0.5,0.5,0.5,0.5,0.5,0.5
electricity,biomass,Biomass (IGCC),1990,BC,0.5,0.5,0.5,0.5,0.5,0.5,0.5,0.5,0.5,0.5,0.5,0.5,0.5,0.5
electricity,biomass,Biomass (IGCC)_CCS,1990,BC,0.5,0.5,0.5,0.5,0.5,0.5,0.5,0.5,0.5,0.5,0.5,0.5,0.5,0.5
H2 Central Production,coal chemical,coal chemical,1990,BC,0.5,0.5,0.5,0.5,0.5,0.5,0.5,0.5,0.5,0.5,0.5,0.5,0.5,0.5
H2 Central Production,coal chemical,coal chemical CCS,1990,BC,0.5,0.5,0.5,0.5,0.5,0.5,0.5,0.5,0.5,0.5,0.5,0.5,0.5,0.5
H2 Central Production,biomass to H2,biomass to H2,1990,BC,0.5,0.5,0.5,0.5,0.5,0.5,0.5,0.5,0.5,0.5,0.5,0.5,0.5,0.5
H2 Central Production,biomass to H2,biomass to H2 CCS,1990,BC,0.5,0.5,0.5,0.5,0.5,0.5,0.5,0.5,0.5,0.5,0.5,0.5,0.5,0.5
building,gas,gas,1990,BC,0.5,0.5,0.5,0.5,0.5,0.5,0.5,0.5,0.5,0.5,0.5,0.5,0.5,0.5
building,coal,coal,1990,BC,0.5,0.5,0.5,0.5,0.5,0.5,0.5,0.5,0.5,0.5,0.5,0.5,0.5,0.5
building,biomass,biomass,1990,BC,0.5,0.5,0.5,0.5,0.5,0.5,0.5,0.5,0.5,0.5,0.5,0.5,0.5,0.5
building,refined liquids,refined liquids,1990,BC,0.5,0.5,0.5,0.5,0.5,0.5,0.5,0.5,0.5,0.5,0.5,0.5,0.5,0.5
building,trad biomass,trad biomass,1990,BC,0.5,0.5,0.5,0.5,0.5,0.5,0.5,0.5,0.5,0.5,0.5,0.5,0.5,0.5
industrial energy use,biomass,biomass,1990,BC,0.5,0.5,0.5,0.5,0.5,0.5,0.5,0.5,0.5,0.5,0.5,0.5,0.5,0.5
industrial energy use,gas,gas,1990,BC,0.5,0.5,0.5,0.5,0.5,0.5,0.5,0.5,0.5,0.5,0.5,0.5,0.5,0.5
industrial energy use,coal,coal,1990,BC,0.5,0.5,0.5,0.5,0.5,0.5,0.5,0.5,0.5,0.5,0.5,0.5,0.5,0.5
industrial energy use,refined liquids,refined liquids,1990,BC,0.5,0.5,0.5,0.5,0.5,0.5,0.5,0.5,0.5,0.5,0.5,0.5,0.5,0.5
industrial energy use,biomass,biomass cogen,1990,BC,0.5,0.5,0.5,0.5,0.5,0.5,0.5,0.5,0.5,0.5,0.5,0.5,0.5,0.5
industrial energy use,gas,gas cogen,1990,BC,0.5,0.5,0.5,0.5,0.5,0.5,0.5,0.5,0.5,0.5,0.5,0.5,0.5,0.5
industrial energy use,coal,coal cogen,1990,BC,0.5,0.5,0.5,0.5,0.5,0.5,0.5,0.5,0.5,0.5,0.5,0.5,0.5,0.5
industrial energy use,refined liquids,refined liquids cogen,1990,BC,0.5,0.5,0.5,0.5,0.5,0.5,0.5,0.5,0.5,0.5,0.5,0.5,0.5,0.5
process heat cement,biomass,biomass,1990,BC,0.5,0.5,0.5,0.5,0.5,0.5,0.5,0.5,0.5,0.5,0.5,0.5,0.5,0.5
process heat cement,gas,gas,1990,BC,0.5,0.5,0.5,0.5,0.5,0.5,0.5,0.5,0.5,0.5,0.5,0.5,0.5,0.5
process heat cement,coal,coal,1990,BC,0.5,0.5,0.5,0.5,0.5,0.5,0.5,0.5,0.5,0.5,0.5,0.5,0.5,0.5
process heat cement,refined liquids,refined liquids,1990,BC,0.5,0.5,0.5,0.5,0.5,0.5,0.5,0.5,0.5,0.5,0.5,0.5,0.5,0.5
urban processes,landfills,landfills,1990,BC,0.5,0.5,0.5,0.5,0.5,0.5,0.5,0.5,0.5,0.5,0.5,0.5,0.5,0.5
,,,,,,,,,,,,,,,,,,
,,,,,,,,,,,,,,,,,,
Final emissions coefficient,,,,,,,,,,,,,,,,,,
INPUT_TABLE,,,,,,,,,,,,,,,,,,
Variable ID,,,,,,,,,,,,,,,,,,
10050,,,,,,,,,,,,,,,,,,
,,,,,final-emiss-coef,,,,,,,,,,,,,
supplysector,subsector,technology,period,generic-ghg,USA,Canada,Western Europe,Japan,Australia_NZ,Former Soviet Union,China,Middle East,Africa,Latin America,Southeast Asia,Eastern Europe,Korea,India
regional coal,regional coal,regional coal,1990,BC,5.28093E-05,9.24763E-05,0.000366945,0.000211451,5.0604E-05,0.000385792,0.000199159,0.00219469,0.00022386,0.00147505,0.000267222,0.000286746,0.000906801,0.000283734
regional crude oil,regional crude oil,regional crude oil,1990,BC,1.04013E-06,2.1419E-06,1.92163E-05,8.01612E-07,2.70316E-07,1.34359E-06,2.35046E-06,2.01604E-05,2.01222E-06,6.59203E-05,1.26251E-05,3.04897E-06,6.18321E-06,2.99357E-06
refined liquids industrial,unconventional oil refining,unconventional oil refining,1990,BC,-1,-1,-1,-1,-1,-1,-1,-1,-1,-1,-1,-1,-1,-1
refined liquids industrial,coal to liquids,coal to liquids,1990,BC,-1,-1,-1,-1,-1,-1,-1,-1,-1,-1,-1,-1,-1,-1
refined liquids industrial,gas to liquids,gas to liquids,1990,BC,-1,-1,-1,-1,-1,-1,-1,-1,-1,-1,-1,-1,-1,-1
refined liquids enduse,unconventional oil refining,unconventional oil refining,1990,BC,-1,-1,-1,-1,-1,-1,-1,-1,-1,-1,-1,-1,-1,-1
refined liquids enduse,coal to liquids,coal to liquids,1990,BC,-1,-1,-1,-1,-1,-1,-1,-1,-1,-1,-1,-1,-1,-1
refined liquids enduse,gas to liquids,gas to liquids,1990,BC,-1,-1,-1,-1,-1,-1,-1,-1,-1,-1,-1,-1,-1,-1
electricity,coal,Coal (existing),1990,BC,6.66781E-06,4.64445E-06,1.54477E-05,1.23019E-06,2.96855E-06,2.77504E-05,5.15341E-05,3.21805E-05,4.13011E-05,2.41504E-05,4.69139E-05,4.35535E-05,8.89636E-06,2.75E-05
electricity,coal,Coal (conv pul),1990,BC,6.66781E-06,4.64445E-06,1.54477E-05,1.23019E-06,2.96855E-06,2.77504E-05,5.15341E-05,3.21805E-05,4.13011E-05,2.41504E-05,4.69139E-05,4.35535E-05,8.89636E-06,2.75E-05
electricity,coal,Coal (IGCC),1990,BC,4.06986E-07,4.06986E-07,4.06986E-07,4.06986E-07,4.06986E-07,2.29212E-07,4.06986E-07,4.06986E-07,4.06986E-07,4.06986E-07,4.06986E-07,4.06986E-07,4.06986E-07,4.06986E-07
electricity,coal,Coal (IGCC)_CCS,1990,BC,4.06986E-07,4.06986E-07,4.06986E-07,4.06986E-07,4.06986E-07,2.29212E-07,4.06986E-07,4.06986E-07,4.06986E-07,4.06986E-07,4.06986E-07,4.06986E-07,4.06986E-07,4.06986E-07
electricity,gas,Gas (existing),1990,BC,2.03493E-07,-1,-1,-1,-1,1.14606E-07,-1,-1,-1,-1,-1,-1,-1,-1
electricity,gas,Gas (peak load conv),1990,BC,2.03493E-07,2.03493E-07,2.03493E-07,2.03493E-07,2.03493E-07,1.14606E-07,2.03493E-07,2.03493E-07,2.03493E-07,2.03493E-07,2.03493E-07,2.03493E-07,2.03493E-07,2.03493E-07
electricity,gas,Gas (CC),1990,BC,2.03493E-07,2.03493E-07,2.03493E-07,2.03493E-07,2.03493E-07,1.14606E-07,2.03493E-07,2.03493E-07,2.03493E-07,2.03493E-07,2.03493E-07,2.03493E-07,2.03493E-07,2.03493E-07
electricity,gas,Gas (CC)_CCS,1990,BC,2.03493E-07,2.03493E-07,2.03493E-07,2.03493E-07,2.03493E-07,1.14606E-07,2.03493E-07,2.03493E-07,2.03493E-07,2.03493E-07,2.03493E-07,2.03493E-07,2.03493E-07,2.03493E-07
electricity,oil,Oil (existing),1990,BC,0.000103623,7.95973E-05,0.000166302,5.36292E-05,2.52875E-05,0.000269462,4.63712E-05,0.000345803,9.56951E-05,8.91004E-05,0.000454191,0.000685683,0.000286048,4.88824E-05
electricity,oil,Oil (peak load conv),1990,BC,0.000103623,7.95973E-05,0.000166302,5.36292E-05,0.000103623,0.000269462,4.63712E-05,0.000345803,9.56951E-05,8.91004E-05,0.000454191,0.000685683,0.000286048,4.88824E-05
electricity,oil,Oil (IGCC),1990,BC,4.06986E-07,4.06986E-07,4.06986E-07,4.06986E-07,4.06986E-07,2.29212E-07,4.06986E-07,4.06986E-07,4.06986E-07,4.06986E-07,4.06986E-07,4.06986E-07,4.06986E-07,4.06986E-07
electricity,oil,Oil (IGCC)_CCS,1990,BC,4.06986E-07,4.06986E-07,4.06986E-07,4.06986E-07,4.06986E-07,2.29212E-07,4.06986E-07,4.06986E-07,4.06986E-07,4.06986E-07,4.06986E-07,4.06986E-07,4.06986E-07,4.06986E-07
electricity,biomass,Biomass (existing),1990,BC,0.000990449,4.2138E-05,0.000176458,0.000100075,-1,-1,0.00029305,-1,0.000300141,0.00023765,0.000304776,0.000459009,0.000319138,0.000298676
electricity,biomass,Biomass (conv),1990,BC,0.000990449,4.2138E-05,0.000176458,0.000100075,-1,0.000990449,0.000990449,0.000990449,0.000990449,0.00023765,0.000990449,0.000459009,0.000990449,0.000990449
electricity,biomass,Biomass (IGCC),1990,BC,4.06986E-07,4.06986E-07,4.06986E-07,4.06986E-07,4.06986E-07,2.29212E-07,4.06986E-07,4.06986E-07,4.06986E-07,4.06986E-07,4.06986E-07,4.06986E-07,4.06986E-07,4.06986E-07
electricity,biomass,Biomass (IGCC)_CCS,1990,BC,4.06986E-07,4.06986E-07,4.06986E-07,4.06986E-07,4.06986E-07,2.29212E-07,4.06986E-07,4.06986E-07,4.06986E-07,4.06986E-07,4.06986E-07,4.06986E-07,4.06986E-07,4.06986E-07
H2 Central Production,coal chemical,coal chemical,1990,BC,-1,-1,-1,-1,-1,-1,-1,-1,-1,-1,-1,-1,-1,-1
H2 Central Production,coal chemical,coal chemical CCS,1990,BC,-1,-1,-1,-1,-1,-1,-1,-1,-1,-1,-1,-1,-1,-1
H2 Central Production,biomass to H2,biomass to H2,1990,BC,-1,-1,-1,-1,-1,-1,-1,-1,-1,-1,-1,-1,-1,-1
H2 Central Production,biomass to H2,biomass to H2 CCS,1990,BC,-1,-1,-1,-1,-1,-1,-1,-1,-1,-1,-1,-1,-1,-1
building,gas,gas,1990,BC,4.63645E-07,-1,-1,-1,-1,-1,-1,-1,-1,-1,-1,-1,-1,-1
building,coal,coal,1990,BC,0.125385758,0.102207381,0.025527202,0.012417329,0.177851346,0.103573641,0.054369858,-1,0.080995395,0.050834191,0.007723452,0.066967893,0.094822106,0.013164452
building,biomass,biomass,1990,BC,0.02230931,0.026104679,0.010037647,0.012207189,0.048649638,0.070634605,0.026677767,0.002036478,0.029142023,0.093804265,0.020598013,0.014065161,0.038960224,0.026515661
building,refined liquids,refined liquids,1990,BC,0.000527888,0.000438048,0.000516846,0.002011919,0.00144698,0.000623579,0.002764607,0.001143181,0.002397368,0.002498899,0.001901841,0.000423266,0.001256407,0.002879176
building,trad biomass,trad biomass,1990,BC,-1,-1,-1,-1,-1,-1,0.017249563,-1,0.017335773,0.007155468,0.018868092,-1,-1,0.023041271
industrial energy use,biomass,biomass,1990,BC,0.000322503,0.002565885,0.003160911,0.002961058,0.002187969,0.002501282,0.002294597,0.002992804,0.001597518,0.004232915,0.002825047,0.003053311,-1,0.002844888
industrial energy use,gas,gas,1990,BC,5.11275E-07,-1,-1,-1,-1,2.8608E-07,-1,-1,-1,-1,-1,-1,-1,-1
industrial energy use,coal,coal,1990,BC,0.005744819,0.000112452,0.00061314,7.52277E-05,0.00088502,0.000958166,0.004902807,0.005628702,0.005241021,0.005768859,0.005115653,0.002974307,0.000280525,0.005941938
industrial energy use,refined liquids,refined liquids,1990,BC,0.009704445,0.013938417,0.009107392,0.00800504,0.017237638,0.00909623,0.015152079,0.008882095,0.006961686,0.00911284,0.012457543,0.015884055,0.03311296,0.010996687
industrial energy use,biomass,biomass cogen,1990,BC,0.000322503,0.002565885,0.003160911,0.002961058,0.002187969,0.002501282,0.002294597,0.002992804,0.001597518,0.004232915,0.002825047,0.003053311,-1,0.002844888
industrial energy use,gas,gas cogen,1990,BC,5.11275E-07,-1,-1,-1,-1,2.8608E-07,-1,-1,-1,-1,-1,-1,-1,-1
industrial energy use,coal,coal cogen,1990,BC,0.005744819,0.000112452,0.00061314,7.52277E-05,0.00088502,0.000958166,0.004902807,0.005628702,0.005241021,0.005768859,0.005115653,0.002974307,0.000280525,0.005941938
industrial energy use,refined liquids,refined liquids cogen,1990,BC,0.009704445,0.013938417,0.009107392,0.00800504,0.017237638,0.00909623,0.015152079,0.008882095,0.006961686,0.00911284,0.012457543,0.015884055,0.03311296,0.010996687
process heat cement,biomass,biomass,1990,BC,0.000322503,0.002565885,0.003160911,0.002961058,0.002187969,0.002501282,0.002294597,0.002992804,0.001597518,0.004232915,0.002825047,0.003053311,-1,0.002844888
process heat cement,gas,gas,1990,BC,5.11275E-07,-1,-1,-1,-1,2.8608E-07,-1,-1,-1,-1,-1,-1,-1,-1
process heat cement,coal,coal,1990,BC,0.005744819,0.000112452,0.00061314,7.52277E-05,0.00088502,0.000958166,0.004902807,0.005628702,0.005241021,0.005768859,0.005115653,0.002974307,0.000280525,0.005941938
process heat cement,refined liquids,refined liquids,1990,BC,0.009704445,0.013938417,0.009107392,0.00800504,0.017237638,0.00909623,0.015152079,0.008882095,0.006961686,0.00911284,0.012457543,0.015884055,0.03311296,0.010996687
urban processes,landfills,landfills,1990,BC,0.005654665,0.005194605,0.003714215,0.002840549,0.003998019,0.0041459,0.002912708,0.002968784,0.004065192,0.005648352,0.001779317,0.004831229,0.0074409,0.001194225
